Employee_ID,Employee_Name,Department,Job_Role,Grievance_Type,Grievance_Date,Grievance_Status,Feedback_Type,HR_Action_Taken,Resolution_Date,Notes,Data_Segment,Value_Domain,Data_Domain,Data_Value
EMP0001,Employee_1,Operations,Analyst,Policy Violation,2025-04-01,Escalated,Negative,None,2025-04-05 00:00:00,,Workforce,Employee Relations,Employee Administration,Employee Relations
EMP0002,Employee_2,Sales,Assistant,Workplace Conflict,2025-07-11,Open,Negative,Training,,,Workforce,Employee Relations,Employee Administration,Employee Relations
EMP0003,Employee_3,HR,Analyst,Policy Violation,2025-04-17,In Progress,Neutral,Counseling,,,Workforce,Employee Relations,Employee Administration,Employee Relations
EMP0004,Employee_4,Operations,Executive,Harassment,2025-08-03,Escalated,Positive,Counseling,2025-08-17 00:00:00,,Workforce,Employee Relations,Employee Administration,Employee Relations
EMP0005,Employee_5,HR,Executive,Compensation Dispute,2025-02-16,Open,Positive,Counseling,,,Workforce,Employee Relations,Employee Administration,Employee Relations
EMP0006,Employee_6,HR,Engineer,Compensation Dispute,2025-04-13,Escalated,Negative,Warning,2025-05-09 00:00:00,,Workforce,Employee Relations,Employee Administration,Employee Relations
EMP0007,Employee_7,Marketing,Consultant,Harassment,2024-12-26,Open,Positive,Warning,,,Workforce,Employee Relations,Employee Administration,Employee Relations
EMP0008,Employee_8,Marketing,Executive,Compensation Dispute,2025-09-09,Open,Positive,Warning,,,Workforce,Employee Relations,Employee Administration,Employee Relations
EMP0009,Employee_9,Sales,Analyst,Other,2025-09-03,Escalated,Neutral,None,2025-09-27 00:00:00,,Workforce,Employee Relations,Employee Administration,Employee Relations
EMP0010,Employee_10,Finance,Executive,Workplace Conflict,2025-04-04,Escalated,Positive,Training,2025-04-25 00:00:00,,Workforce,Employee Relations,Employee Administration,Employee Relations
EMP0011,Employee_11,Sales,Consultant,Other,2025-08-26,Escalated,Neutral,None,2025-09-18 00:00:00,,Workforce,Employee Relations,Employee Administration,Employee Relations
EMP0012,Employee_12,Marketing,Analyst,Compensation Dispute,2025-10-04,In Progress,Neutral,Mediation,,,Workforce,Employee Relations,Employee Administration,Employee Relations
EMP0013,Employee_13,IT,Consultant,Other,2024-12-28,In Progress,Neutral,Training,,,Workforce,Employee Relations,Employee Administration,Employee Relations
EMP0014,Employee_14,Marketing,Assistant,Workplace Conflict,2025-04-07,Resolved,Negative,Mediation,2025-04-14 00:00:00,,Workforce,Employee Relations,Employee Administration,Employee Relations
EMP0015,Employee_15,HR,Analyst,Workplace Conflict,2025-04-01,Escalated,Neutral,None,2025-04-06 00:00:00,,Workforce,Employee Relations,Employee Administration,Employee Relations
EMP0016,Employee_16,HR,Executive,Policy Violation,2025-09-12,Open,Positive,Training,,,Workforce,Employee Relations,Employee Administration,Employee Relations
EMP0017,Employee_17,Finance,Analyst,Other,2025-05-27,Open,Negative,Warning,,,Workforce,Employee Relations,Employee Administration,Employee Relations
EMP0018,Employee_18,Operations,Engineer,Other,2025-03-11,Resolved,Negative,None,2025-03-14 00:00:00,,Workforce,Employee Relations,Employee Administration,Employee Relations
EMP0019,Employee_19,HR,Assistant,Compensation Dispute,2025-07-06,In Progress,Negative,Counseling,,,Workforce,Employee Relations,Employee Administration,Employee Relations
EMP0020,Employee_20,Marketing,Assistant,Other,2025-07-18,Escalated,Negative,None,2025-07-19 00:00:00,,Workforce,Employee Relations,Employee Administration,Employee Relations
EMP0021,Employee_21,Finance,Assistant,Compensation Dispute,2025-05-29,Resolved,Negative,Training,2025-06-24 00:00:00,,Workforce,Employee Relations,Employee Administration,Employee Relations
EMP0022,Employee_22,HR,Consultant,Harassment,2025-01-16,Resolved,Positive,Counseling,2025-02-12 00:00:00,,Workforce,Employee Relations,Employee Administration,Employee Relations
EMP0023,Employee_23,IT,Assistant,Compensation Dispute,2025-02-25,Open,Neutral,Training,,,Workforce,Employee Relations,Employee Administration,Employee Relations
EMP0024,Employee_24,Sales,Analyst,Other,2025-10-15,Resolved,Positive,Mediation,2025-11-08 00:00:00,,Workforce,Employee Relations,Employee Administration,Employee Relations
EMP0025,Employee_25,Marketing,Engineer,Other,2024-10-20,In Progress,Positive,Counseling,,,Workforce,Employee Relations,Employee Administration,Employee Relations
EMP0026,Employee_26,Finance,Executive,Harassment,2025-05-06,Resolved,Positive,Counseling,2025-05-30 00:00:00,,Workforce,Employee Relations,Employee Administration,Employee Relations
EMP0027,Employee_27,Marketing,Analyst,Policy Violation,2025-03-29,Resolved,Neutral,Warning,2025-04-01 00:00:00,,Workforce,Employee Relations,Employee Administration,Employee Relations
EMP0028,Employee_28,Operations,Assistant,Other,2024-11-07,In Progress,Negative,Counseling,,,Workforce,Employee Relations,Employee Administration,Employee Relations
EMP0029,Employee_29,IT,Assistant,Other,2024-12-17,Escalated,Positive,Counseling,2025-01-03 00:00:00,,Workforce,Employee Relations,Employee Administration,Employee Relations
EMP0030,Employee_30,Operations,Analyst,Compensation Dispute,2024-11-26,In Progress,Negative,None,,,Workforce,Employee Relations,Employee Administration,Employee Relations
EMP0031,Employee_31,Marketing,Analyst,Policy Violation,2025-06-07,Open,Neutral,Warning,,,Workforce,Employee Relations,Employee Administration,Employee Relations
EMP0032,Employee_32,Marketing,Consultant,Compensation Dispute,2024-10-24,In Progress,Neutral,Mediation,,,Workforce,Employee Relations,Employee Administration,Employee Relations
EMP0033,Employee_33,Sales,Executive,Workplace Conflict,2025-08-13,Resolved,Neutral,Warning,2025-08-15 00:00:00,,Workforce,Employee Relations,Employee Administration,Employee Relations
EMP0034,Employee_34,HR,Manager,Harassment,2025-02-26,In Progress,Neutral,None,,,Workforce,Employee Relations,Employee Administration,Employee Relations
EMP0035,Employee_35,Sales,Consultant,Other,2025-09-02,Escalated,Neutral,None,2025-09-16 00:00:00,,Workforce,Employee Relations,Employee Administration,Employee Relations
EMP0036,Employee_36,IT,Consultant,Other,2025-06-12,Escalated,Positive,Warning,2025-06-28 00:00:00,,Workforce,Employee Relations,Employee Administration,Employee Relations
EMP0037,Employee_37,Marketing,Assistant,Policy Violation,2025-08-18,Open,Negative,Warning,,,Workforce,Employee Relations,Employee Administration,Employee Relations
EMP0038,Employee_38,Finance,Manager,Other,2025-02-16,In Progress,Neutral,Mediation,,,Workforce,Employee Relations,Employee Administration,Employee Relations
EMP0039,Employee_39,Operations,Executive,Policy Violation,2024-12-07,Escalated,Positive,Mediation,2024-12-16 00:00:00,,Workforce,Employee Relations,Employee Administration,Employee Relations
EMP0040,Employee_40,Finance,Assistant,Other,2025-07-03,Escalated,Negative,None,2025-07-28 00:00:00,,Workforce,Employee Relations,Employee Administration,Employee Relations
EMP0041,Employee_41,Sales,Executive,Policy Violation,2024-10-26,Open,Positive,None,,,Workforce,Employee Relations,Employee Administration,Employee Relations
EMP0042,Employee_42,IT,Engineer,Harassment,2025-09-05,In Progress,Positive,None,,,Workforce,Employee Relations,Employee Administration,Employee Relations
EMP0043,Employee_43,HR,Executive,Policy Violation,2025-06-11,Open,Negative,Counseling,,,Workforce,Employee Relations,Employee Administration,Employee Relations
EMP0044,Employee_44,IT,Analyst,Harassment,2025-01-10,Escalated,Positive,Training,2025-01-23 00:00:00,,Workforce,Employee Relations,Employee Administration,Employee Relations
EMP0045,Employee_45,HR,Consultant,Policy Violation,2025-04-07,Escalated,Neutral,None,2025-04-23 00:00:00,,Workforce,Employee Relations,Employee Administration,Employee Relations
EMP0046,Employee_46,Sales,Assistant,Workplace Conflict,2024-12-02,Open,Negative,Mediation,,,Workforce,Employee Relations,Employee Administration,Employee Relations
EMP0047,Employee_47,HR,Analyst,Workplace Conflict,2024-11-08,Resolved,Positive,Training,2024-11-16 00:00:00,,Workforce,Employee Relations,Employee Administration,Employee Relations
EMP0048,Employee_48,HR,Assistant,Compensation Dispute,2024-11-21,In Progress,Positive,None,,,Workforce,Employee Relations,Employee Administration,Employee Relations
EMP0049,Employee_49,HR,Analyst,Policy Violation,2025-10-05,Open,Neutral,Training,,,Workforce,Employee Relations,Employee Administration,Employee Relations
EMP0050,Employee_50,Sales,Assistant,Harassment,2025-07-28,Escalated,Negative,Mediation,2025-08-18 00:00:00,,Workforce,Employee Relations,Employee Administration,Employee Relations
EMP0051,Employee_51,Sales,Assistant,Harassment,2025-09-19,Open,Positive,None,,,Workforce,Employee Relations,Employee Administration,Employee Relations
EMP0052,Employee_52,HR,Analyst,Policy Violation,2025-07-24,Open,Positive,Training,,,Workforce,Employee Relations,Employee Administration,Employee Relations
EMP0053,Employee_53,Sales,Consultant,Workplace Conflict,2025-02-28,Escalated,Positive,Warning,2025-03-16 00:00:00,,Workforce,Employee Relations,Employee Administration,Employee Relations
EMP0054,Employee_54,Marketing,Analyst,Policy Violation,2025-05-29,In Progress,Negative,Warning,,,Workforce,Employee Relations,Employee Administration,Employee Relations
EMP0055,Employee_55,Operations,Analyst,Policy Violation,2025-08-25,In Progress,Neutral,Mediation,,,Workforce,Employee Relations,Employee Administration,Employee Relations
EMP0056,Employee_56,Sales,Consultant,Harassment,2025-09-04,Escalated,Negative,Warning,2025-10-02 00:00:00,,Workforce,Employee Relations,Employee Administration,Employee Relations
EMP0057,Employee_57,IT,Consultant,Policy Violation,2025-04-03,Open,Neutral,None,,,Workforce,Employee Relations,Employee Administration,Employee Relations
EMP0058,Employee_58,Operations,Manager,Other,2025-10-08,Escalated,Positive,Training,2025-10-13 00:00:00,,Workforce,Employee Relations,Employee Administration,Employee Relations
EMP0059,Employee_59,Sales,Manager,Harassment,2025-07-11,Escalated,Positive,Training,2025-07-16 00:00:00,,Workforce,Employee Relations,Employee Administration,Employee Relations
EMP0060,Employee_60,Marketing,Executive,Policy Violation,2025-03-18,Resolved,Neutral,Training,2025-03-28 00:00:00,,Workforce,Employee Relations,Employee Administration,Employee Relations
EMP0061,Employee_61,HR,Analyst,Compensation Dispute,2024-11-05,Escalated,Neutral,Mediation,2024-11-16 00:00:00,,Workforce,Employee Relations,Employee Administration,Employee Relations
EMP0062,Employee_62,Marketing,Executive,Policy Violation,2025-05-18,In Progress,Neutral,Mediation,,,Workforce,Employee Relations,Employee Administration,Employee Relations
EMP0063,Employee_63,Sales,Executive,Policy Violation,2025-04-02,Escalated,Positive,Mediation,2025-04-21 00:00:00,,Workforce,Employee Relations,Employee Administration,Employee Relations
EMP0064,Employee_64,IT,Assistant,Policy Violation,2025-08-25,Escalated,Neutral,None,2025-09-17 00:00:00,,Workforce,Employee Relations,Employee Administration,Employee Relations
EMP0065,Employee_65,Operations,Executive,Harassment,2024-11-12,Open,Positive,Counseling,,,Workforce,Employee Relations,Employee Administration,Employee Relations
EMP0066,Employee_66,Sales,Assistant,Compensation Dispute,2025-07-08,Escalated,Positive,None,2025-07-18 00:00:00,,Workforce,Employee Relations,Employee Administration,Employee Relations
EMP0067,Employee_67,IT,Consultant,Harassment,2025-03-25,Open,Positive,Counseling,,,Workforce,Employee Relations,Employee Administration,Employee Relations
EMP0068,Employee_68,Finance,Manager,Policy Violation,2025-01-23,Resolved,Neutral,Warning,2025-02-06 00:00:00,,Workforce,Employee Relations,Employee Administration,Employee Relations
EMP0069,Employee_69,Finance,Consultant,Policy Violation,2024-12-23,Resolved,Negative,Training,2024-12-24 00:00:00,,Workforce,Employee Relations,Employee Administration,Employee Relations
EMP0070,Employee_70,IT,Engineer,Other,2025-02-01,Open,Neutral,Warning,,,Workforce,Employee Relations,Employee Administration,Employee Relations
EMP0071,Employee_71,Sales,Engineer,Harassment,2025-08-20,Escalated,Positive,Counseling,2025-08-27 00:00:00,,Workforce,Employee Relations,Employee Administration,Employee Relations
EMP0072,Employee_72,Sales,Analyst,Workplace Conflict,2024-11-20,In Progress,Positive,Counseling,,,Workforce,Employee Relations,Employee Administration,Employee Relations
EMP0073,Employee_73,Finance,Engineer,Policy Violation,2025-07-24,Escalated,Negative,None,2025-08-05 00:00:00,,Workforce,Employee Relations,Employee Administration,Employee Relations
EMP0074,Employee_74,Sales,Executive,Workplace Conflict,2025-05-24,Open,Positive,Training,,,Workforce,Employee Relations,Employee Administration,Employee Relations
EMP0075,Employee_75,Sales,Assistant,Workplace Conflict,2025-05-30,In Progress,Negative,Mediation,,,Workforce,Employee Relations,Employee Administration,Employee Relations
EMP0076,Employee_76,Sales,Engineer,Policy Violation,2025-08-19,Open,Neutral,Warning,,,Workforce,Employee Relations,Employee Administration,Employee Relations
EMP0077,Employee_77,Marketing,Assistant,Harassment,2025-05-03,Open,Positive,Warning,,,Workforce,Employee Relations,Employee Administration,Employee Relations
EMP0078,Employee_78,HR,Assistant,Harassment,2024-10-23,Open,Neutral,Counseling,,,Workforce,Employee Relations,Employee Administration,Employee Relations
EMP0079,Employee_79,Operations,Consultant,Policy Violation,2025-09-27,Open,Neutral,Training,,,Workforce,Employee Relations,Employee Administration,Employee Relations
EMP0080,Employee_80,HR,Engineer,Compensation Dispute,2025-10-01,In Progress,Negative,Mediation,,,Workforce,Employee Relations,Employee Administration,Employee Relations
EMP0081,Employee_81,Operations,Assistant,Harassment,2025-09-25,Open,Positive,Training,,,Workforce,Employee Relations,Employee Administration,Employee Relations
EMP0082,Employee_82,HR,Engineer,Other,2024-10-21,In Progress,Neutral,Training,,,Workforce,Employee Relations,Employee Administration,Employee Relations
EMP0083,Employee_83,Sales,Consultant,Compensation Dispute,2025-08-16,In Progress,Positive,Training,,,Workforce,Employee Relations,Employee Administration,Employee Relations
EMP0084,Employee_84,Finance,Assistant,Harassment,2025-06-26,Open,Positive,None,,,Workforce,Employee Relations,Employee Administration,Employee Relations
EMP0085,Employee_85,IT,Manager,Harassment,2025-01-27,In Progress,Negative,Warning,,,Workforce,Employee Relations,Employee Administration,Employee Relations
EMP0086,Employee_86,Sales,Executive,Compensation Dispute,2025-01-04,In Progress,Negative,Training,,,Workforce,Employee Relations,Employee Administration,Employee Relations
EMP0087,Employee_87,Finance,Analyst,Harassment,2024-11-19,Escalated,Positive,None,2024-11-30 00:00:00,,Workforce,Employee Relations,Employee Administration,Employee Relations
EMP0088,Employee_88,IT,Engineer,Other,2025-06-12,Escalated,Positive,Mediation,2025-06-26 00:00:00,,Workforce,Employee Relations,Employee Administration,Employee Relations
EMP0089,Employee_89,Finance,Manager,Harassment,2025-03-06,Escalated,Positive,Mediation,2025-03-29 00:00:00,,Workforce,Employee Relations,Employee Administration,Employee Relations
EMP0090,Employee_90,Finance,Executive,Other,2025-01-14,Open,Positive,Training,,,Workforce,Employee Relations,Employee Administration,Employee Relations
EMP0091,Employee_91,Finance,Executive,Harassment,2025-06-03,Escalated,Positive,Mediation,2025-06-13 00:00:00,,Workforce,Employee Relations,Employee Administration,Employee Relations
EMP0092,Employee_92,Operations,Executive,Workplace Conflict,2024-11-29,Resolved,Negative,Warning,2024-12-20 00:00:00,,Workforce,Employee Relations,Employee Administration,Employee Relations
EMP0093,Employee_93,Marketing,Engineer,Harassment,2025-01-11,Escalated,Positive,Counseling,2025-02-06 00:00:00,,Workforce,Employee Relations,Employee Administration,Employee Relations
EMP0094,Employee_94,IT,Analyst,Compensation Dispute,2025-06-15,Open,Positive,Warning,,,Workforce,Employee Relations,Employee Administration,Employee Relations
EMP0095,Employee_95,Operations,Executive,Workplace Conflict,2025-05-18,Open,Positive,Warning,,,Workforce,Employee Relations,Employee Administration,Employee Relations
EMP0096,Employee_96,Operations,Consultant,Other,2025-07-19,In Progress,Positive,Mediation,,,Workforce,Employee Relations,Employee Administration,Employee Relations
EMP0097,Employee_97,Finance,Executive,Policy Violation,2025-01-24,Escalated,Positive,Warning,2025-01-30 00:00:00,,Workforce,Employee Relations,Employee Administration,Employee Relations
EMP0098,Employee_98,Operations,Engineer,Policy Violation,2025-05-06,Open,Negative,Counseling,,,Workforce,Employee Relations,Employee Administration,Employee Relations
EMP0099,Employee_99,HR,Executive,Harassment,2024-11-27,Open,Positive,None,,,Workforce,Employee Relations,Employee Administration,Employee Relations
EMP0100,Employee_100,HR,Manager,Policy Violation,2025-01-29,Open,Positive,Counseling,,,Workforce,Employee Relations,Employee Administration,Employee Relations
EMP0101,Employee_101,IT,Manager,Workplace Conflict,2024-12-13,In Progress,Neutral,Training,,,Workforce,Employee Relations,Employee Administration,Employee Relations
EMP0102,Employee_102,Finance,Consultant,Other,2025-04-19,Open,Negative,Mediation,,,Workforce,Employee Relations,Employee Administration,Employee Relations
EMP0103,Employee_103,Marketing,Engineer,Policy Violation,2025-07-22,Escalated,Positive,Counseling,2025-07-28 00:00:00,,Workforce,Employee Relations,Employee Administration,Employee Relations
EMP0104,Employee_104,Finance,Engineer,Other,2025-05-16,Resolved,Positive,Mediation,2025-06-14 00:00:00,,Workforce,Employee Relations,Employee Administration,Employee Relations
EMP0105,Employee_105,HR,Consultant,Other,2025-10-02,In Progress,Positive,Mediation,,,Workforce,Employee Relations,Employee Administration,Employee Relations
EMP0106,Employee_106,Finance,Consultant,Compensation Dispute,2025-09-20,Resolved,Negative,Counseling,2025-09-29 00:00:00,,Workforce,Employee Relations,Employee Administration,Employee Relations
EMP0107,Employee_107,Sales,Assistant,Policy Violation,2025-01-29,In Progress,Positive,Mediation,,,Workforce,Employee Relations,Employee Administration,Employee Relations
EMP0108,Employee_108,Sales,Executive,Workplace Conflict,2025-06-06,In Progress,Positive,Counseling,,,Workforce,Employee Relations,Employee Administration,Employee Relations
EMP0109,Employee_109,HR,Analyst,Other,2024-12-02,Open,Neutral,Training,,,Workforce,Employee Relations,Employee Administration,Employee Relations
EMP0110,Employee_110,IT,Analyst,Compensation Dispute,2025-07-26,Resolved,Neutral,Mediation,2025-07-27 00:00:00,,Workforce,Employee Relations,Employee Administration,Employee Relations
EMP0111,Employee_111,Operations,Executive,Other,2025-05-24,Open,Negative,Mediation,,,Workforce,Employee Relations,Employee Administration,Employee Relations
EMP0112,Employee_112,Operations,Consultant,Harassment,2025-09-08,Resolved,Positive,None,2025-09-26 00:00:00,,Workforce,Employee Relations,Employee Administration,Employee Relations
EMP0113,Employee_113,IT,Engineer,Harassment,2024-11-07,In Progress,Positive,Counseling,,,Workforce,Employee Relations,Employee Administration,Employee Relations
EMP0114,Employee_114,IT,Consultant,Other,2025-04-08,In Progress,Positive,None,,,Workforce,Employee Relations,Employee Administration,Employee Relations
EMP0115,Employee_115,HR,Executive,Compensation Dispute,2025-08-12,Open,Neutral,Warning,,,Workforce,Employee Relations,Employee Administration,Employee Relations
EMP0116,Employee_116,Sales,Analyst,Policy Violation,2025-01-19,Resolved,Negative,Training,2025-01-27 00:00:00,,Workforce,Employee Relations,Employee Administration,Employee Relations
EMP0117,Employee_117,Sales,Analyst,Compensation Dispute,2025-04-28,In Progress,Negative,Warning,,,Workforce,Employee Relations,Employee Administration,Employee Relations
EMP0118,Employee_118,Marketing,Engineer,Compensation Dispute,2025-09-26,Open,Neutral,None,,,Workforce,Employee Relations,Employee Administration,Employee Relations
EMP0119,Employee_119,Finance,Assistant,Compensation Dispute,2024-11-27,Resolved,Neutral,Warning,2024-12-03 00:00:00,,Workforce,Employee Relations,Employee Administration,Employee Relations
EMP0120,Employee_120,Sales,Executive,Harassment,2025-02-25,Escalated,Negative,Counseling,2025-03-16 00:00:00,,Workforce,Employee Relations,Employee Administration,Employee Relations
EMP0121,Employee_121,Sales,Assistant,Compensation Dispute,2025-02-08,Open,Positive,Training,,,Workforce,Employee Relations,Employee Administration,Employee Relations
EMP0122,Employee_122,IT,Assistant,Harassment,2025-01-24,In Progress,Neutral,Warning,,,Workforce,Employee Relations,Employee Administration,Employee Relations
EMP0123,Employee_123,Marketing,Assistant,Policy Violation,2025-05-09,Resolved,Negative,None,2025-05-28 00:00:00,,Workforce,Employee Relations,Employee Administration,Employee Relations
EMP0124,Employee_124,IT,Consultant,Policy Violation,2025-07-15,Escalated,Positive,Mediation,2025-07-17 00:00:00,,Workforce,Employee Relations,Employee Administration,Employee Relations
EMP0125,Employee_125,HR,Engineer,Harassment,2025-09-24,In Progress,Negative,Warning,,,Workforce,Employee Relations,Employee Administration,Employee Relations
EMP0126,Employee_126,Finance,Engineer,Policy Violation,2025-09-04,Resolved,Neutral,Warning,2025-09-06 00:00:00,,Workforce,Employee Relations,Employee Administration,Employee Relations
EMP0127,Employee_127,IT,Executive,Policy Violation,2025-08-30,Open,Positive,Training,,,Workforce,Employee Relations,Employee Administration,Employee Relations
EMP0128,Employee_128,IT,Executive,Other,2025-09-11,Escalated,Positive,None,2025-09-27 00:00:00,,Workforce,Employee Relations,Employee Administration,Employee Relations
EMP0129,Employee_129,Sales,Engineer,Workplace Conflict,2025-06-16,Open,Positive,Mediation,,,Workforce,Employee Relations,Employee Administration,Employee Relations
EMP0130,Employee_130,Sales,Analyst,Policy Violation,2025-06-27,Escalated,Positive,Training,2025-07-03 00:00:00,,Workforce,Employee Relations,Employee Administration,Employee Relations
EMP0131,Employee_131,IT,Analyst,Other,2025-10-17,Resolved,Negative,Training,2025-11-03 00:00:00,,Workforce,Employee Relations,Employee Administration,Employee Relations
EMP0132,Employee_132,Operations,Assistant,Harassment,2025-03-21,Open,Neutral,Warning,,,Workforce,Employee Relations,Employee Administration,Employee Relations
EMP0133,Employee_133,Sales,Manager,Compensation Dispute,2025-04-28,Open,Positive,Training,,,Workforce,Employee Relations,Employee Administration,Employee Relations
EMP0134,Employee_134,Operations,Analyst,Policy Violation,2025-05-30,Escalated,Negative,Training,2025-06-21 00:00:00,,Workforce,Employee Relations,Employee Administration,Employee Relations
EMP0135,Employee_135,Operations,Assistant,Harassment,2025-08-30,Escalated,Negative,Mediation,2025-09-13 00:00:00,,Workforce,Employee Relations,Employee Administration,Employee Relations
EMP0136,Employee_136,HR,Executive,Other,2025-10-04,Resolved,Neutral,Warning,2025-10-29 00:00:00,,Workforce,Employee Relations,Employee Administration,Employee Relations
EMP0137,Employee_137,HR,Executive,Policy Violation,2025-07-18,In Progress,Negative,Mediation,,,Workforce,Employee Relations,Employee Administration,Employee Relations
EMP0138,Employee_138,Sales,Executive,Compensation Dispute,2025-07-06,Resolved,Neutral,Mediation,2025-08-01 00:00:00,,Workforce,Employee Relations,Employee Administration,Employee Relations
EMP0139,Employee_139,IT,Executive,Harassment,2025-04-28,Open,Neutral,Warning,,,Workforce,Employee Relations,Employee Administration,Employee Relations
EMP0140,Employee_140,Sales,Engineer,Compensation Dispute,2025-07-01,Resolved,Neutral,Counseling,2025-07-11 00:00:00,,Workforce,Employee Relations,Employee Administration,Employee Relations
EMP0141,Employee_141,HR,Consultant,Compensation Dispute,2025-10-10,In Progress,Negative,Counseling,,,Workforce,Employee Relations,Employee Administration,Employee Relations
EMP0142,Employee_142,IT,Assistant,Harassment,2025-04-18,Open,Negative,Mediation,,,Workforce,Employee Relations,Employee Administration,Employee Relations
EMP0143,Employee_143,HR,Executive,Other,2025-06-07,Open,Negative,Warning,,,Workforce,Employee Relations,Employee Administration,Employee Relations
EMP0144,Employee_144,Finance,Assistant,Workplace Conflict,2025-10-14,In Progress,Positive,None,,,Workforce,Employee Relations,Employee Administration,Employee Relations
EMP0145,Employee_145,Finance,Assistant,Other,2024-11-20,In Progress,Positive,Counseling,,,Workforce,Employee Relations,Employee Administration,Employee Relations
EMP0146,Employee_146,Finance,Consultant,Compensation Dispute,2025-09-22,Escalated,Positive,Mediation,2025-10-21 00:00:00,,Workforce,Employee Relations,Employee Administration,Employee Relations
EMP0147,Employee_147,Finance,Executive,Workplace Conflict,2025-07-08,Escalated,Neutral,Training,2025-07-10 00:00:00,,Workforce,Employee Relations,Employee Administration,Employee Relations
EMP0148,Employee_148,HR,Analyst,Policy Violation,2025-05-23,Open,Negative,Training,,,Workforce,Employee Relations,Employee Administration,Employee Relations
EMP0149,Employee_149,HR,Assistant,Policy Violation,2025-09-16,Open,Negative,Mediation,,,Workforce,Employee Relations,Employee Administration,Employee Relations
EMP0150,Employee_150,Marketing,Analyst,Other,2025-10-13,Open,Neutral,Counseling,,,Workforce,Employee Relations,Employee Administration,Employee Relations
EMP0151,Employee_151,HR,Manager,Harassment,2025-06-06,Resolved,Negative,Warning,2025-06-17 00:00:00,,Workforce,Employee Relations,Employee Administration,Employee Relations
EMP0152,Employee_152,HR,Analyst,Other,2024-10-22,Escalated,Neutral,Counseling,2024-10-27 00:00:00,,Workforce,Employee Relations,Employee Administration,Employee Relations
EMP0153,Employee_153,IT,Engineer,Harassment,2025-01-30,In Progress,Negative,None,,,Workforce,Employee Relations,Employee Administration,Employee Relations
EMP0154,Employee_154,Finance,Executive,Compensation Dispute,2025-05-08,Escalated,Neutral,None,2025-06-02 00:00:00,,Workforce,Employee Relations,Employee Administration,Employee Relations
EMP0155,Employee_155,Sales,Manager,Workplace Conflict,2024-10-30,Escalated,Negative,Training,2024-11-18 00:00:00,,Workforce,Employee Relations,Employee Administration,Employee Relations
EMP0156,Employee_156,IT,Manager,Compensation Dispute,2025-02-17,Resolved,Neutral,Training,2025-02-18 00:00:00,,Workforce,Employee Relations,Employee Administration,Employee Relations
EMP0157,Employee_157,Operations,Engineer,Other,2025-05-05,Escalated,Negative,Training,2025-05-30 00:00:00,,Workforce,Employee Relations,Employee Administration,Employee Relations
EMP0158,Employee_158,Finance,Manager,Harassment,2025-06-09,Escalated,Positive,Training,2025-07-08 00:00:00,,Workforce,Employee Relations,Employee Administration,Employee Relations
EMP0159,Employee_159,Finance,Executive,Compensation Dispute,2025-09-13,Resolved,Negative,Mediation,2025-09-25 00:00:00,,Workforce,Employee Relations,Employee Administration,Employee Relations
EMP0160,Employee_160,Finance,Assistant,Policy Violation,2025-02-01,In Progress,Negative,Warning,,,Workforce,Employee Relations,Employee Administration,Employee Relations
EMP0161,Employee_161,IT,Manager,Workplace Conflict,2025-07-13,Resolved,Positive,Training,2025-07-16 00:00:00,,Workforce,Employee Relations,Employee Administration,Employee Relations
EMP0162,Employee_162,Operations,Manager,Compensation Dispute,2025-06-05,Open,Negative,Counseling,,,Workforce,Employee Relations,Employee Administration,Employee Relations
EMP0163,Employee_163,HR,Manager,Harassment,2025-04-01,Escalated,Negative,Mediation,2025-04-14 00:00:00,,Workforce,Employee Relations,Employee Administration,Employee Relations
EMP0164,Employee_164,Finance,Consultant,Workplace Conflict,2025-02-08,In Progress,Negative,Training,,,Workforce,Employee Relations,Employee Administration,Employee Relations
EMP0165,Employee_165,Finance,Assistant,Other,2025-09-20,In Progress,Neutral,Training,,,Workforce,Employee Relations,Employee Administration,Employee Relations
EMP0166,Employee_166,Operations,Executive,Compensation Dispute,2025-01-14,Open,Positive,Warning,,,Workforce,Employee Relations,Employee Administration,Employee Relations
EMP0167,Employee_167,Sales,Analyst,Other,2024-11-13,Resolved,Neutral,Training,2024-12-03 00:00:00,,Workforce,Employee Relations,Employee Administration,Employee Relations
EMP0168,Employee_168,IT,Analyst,Policy Violation,2025-05-04,In Progress,Negative,Mediation,,,Workforce,Employee Relations,Employee Administration,Employee Relations
EMP0169,Employee_169,HR,Executive,Harassment,2025-05-02,Escalated,Positive,Training,2025-05-05 00:00:00,,Workforce,Employee Relations,Employee Administration,Employee Relations
EMP0170,Employee_170,IT,Executive,Policy Violation,2025-03-30,Resolved,Neutral,Training,2025-04-15 00:00:00,,Workforce,Employee Relations,Employee Administration,Employee Relations
EMP0171,Employee_171,Marketing,Analyst,Policy Violation,2025-08-31,Open,Neutral,Mediation,,,Workforce,Employee Relations,Employee Administration,Employee Relations
EMP0172,Employee_172,Sales,Executive,Policy Violation,2025-01-18,Escalated,Negative,Mediation,2025-02-06 00:00:00,,Workforce,Employee Relations,Employee Administration,Employee Relations
EMP0173,Employee_173,Finance,Assistant,Harassment,2025-10-08,Open,Positive,Mediation,,,Workforce,Employee Relations,Employee Administration,Employee Relations
EMP0174,Employee_174,Operations,Assistant,Policy Violation,2025-06-27,Open,Neutral,Warning,,,Workforce,Employee Relations,Employee Administration,Employee Relations
EMP0175,Employee_175,Marketing,Engineer,Harassment,2025-09-15,Escalated,Neutral,Training,2025-10-02 00:00:00,,Workforce,Employee Relations,Employee Administration,Employee Relations
EMP0176,Employee_176,IT,Engineer,Other,2025-02-14,In Progress,Positive,Counseling,,,Workforce,Employee Relations,Employee Administration,Employee Relations
EMP0177,Employee_177,Marketing,Assistant,Compensation Dispute,2025-03-02,Open,Negative,None,,,Workforce,Employee Relations,Employee Administration,Employee Relations
EMP0178,Employee_178,HR,Consultant,Other,2025-03-18,Resolved,Neutral,Mediation,2025-04-08 00:00:00,,Workforce,Employee Relations,Employee Administration,Employee Relations
EMP0179,Employee_179,Operations,Manager,Other,2024-11-10,Escalated,Negative,Warning,2024-12-07 00:00:00,,Workforce,Employee Relations,Employee Administration,Employee Relations
EMP0180,Employee_180,HR,Engineer,Workplace Conflict,2025-08-17,Escalated,Negative,None,2025-09-04 00:00:00,,Workforce,Employee Relations,Employee Administration,Employee Relations
EMP0181,Employee_181,Operations,Consultant,Harassment,2025-08-11,Escalated,Positive,Warning,2025-08-29 00:00:00,,Workforce,Employee Relations,Employee Administration,Employee Relations
EMP0182,Employee_182,Finance,Consultant,Harassment,2025-09-01,Resolved,Neutral,Counseling,2025-09-25 00:00:00,,Workforce,Employee Relations,Employee Administration,Employee Relations
EMP0183,Employee_183,Sales,Manager,Other,2025-07-10,In Progress,Neutral,None,,,Workforce,Employee Relations,Employee Administration,Employee Relations
EMP0184,Employee_184,Operations,Analyst,Compensation Dispute,2025-09-19,Escalated,Neutral,Mediation,2025-10-18 00:00:00,,Workforce,Employee Relations,Employee Administration,Employee Relations
EMP0185,Employee_185,Operations,Engineer,Policy Violation,2024-12-04,In Progress,Negative,Counseling,,,Workforce,Employee Relations,Employee Administration,Employee Relations
EMP0186,Employee_186,Marketing,Engineer,Workplace Conflict,2024-11-19,Resolved,Neutral,Mediation,2024-12-17 00:00:00,,Workforce,Employee Relations,Employee Administration,Employee Relations
EMP0187,Employee_187,Marketing,Analyst,Harassment,2025-07-10,Resolved,Negative,None,2025-07-25 00:00:00,,Workforce,Employee Relations,Employee Administration,Employee Relations
EMP0188,Employee_188,Finance,Manager,Workplace Conflict,2025-08-27,Escalated,Negative,Mediation,2025-09-15 00:00:00,,Workforce,Employee Relations,Employee Administration,Employee Relations
EMP0189,Employee_189,Sales,Executive,Harassment,2025-09-13,Escalated,Negative,Warning,2025-10-13 00:00:00,,Workforce,Employee Relations,Employee Administration,Employee Relations
EMP0190,Employee_190,Operations,Analyst,Workplace Conflict,2025-03-30,Open,Negative,Warning,,,Workforce,Employee Relations,Employee Administration,Employee Relations
EMP0191,Employee_191,IT,Manager,Harassment,2025-06-02,Resolved,Negative,Mediation,2025-06-11 00:00:00,,Workforce,Employee Relations,Employee Administration,Employee Relations
EMP0192,Employee_192,Finance,Assistant,Harassment,2025-02-17,Open,Negative,Warning,,,Workforce,Employee Relations,Employee Administration,Employee Relations
EMP0193,Employee_193,Sales,Assistant,Policy Violation,2025-03-02,Resolved,Positive,Mediation,2025-03-15 00:00:00,,Workforce,Employee Relations,Employee Administration,Employee Relations
EMP0194,Employee_194,Sales,Consultant,Workplace Conflict,2024-12-11,In Progress,Neutral,Warning,,,Workforce,Employee Relations,Employee Administration,Employee Relations
EMP0195,Employee_195,IT,Executive,Harassment,2025-07-10,Resolved,Negative,Training,2025-08-09 00:00:00,,Workforce,Employee Relations,Employee Administration,Employee Relations
EMP0196,Employee_196,Operations,Assistant,Policy Violation,2025-07-20,Resolved,Negative,Counseling,2025-08-15 00:00:00,,Workforce,Employee Relations,Employee Administration,Employee Relations
EMP0197,Employee_197,IT,Consultant,Other,2025-08-12,In Progress,Negative,Training,,,Workforce,Employee Relations,Employee Administration,Employee Relations
EMP0198,Employee_198,Sales,Manager,Workplace Conflict,2025-03-07,In Progress,Positive,Training,,,Workforce,Employee Relations,Employee Administration,Employee Relations
EMP0199,Employee_199,Sales,Assistant,Compensation Dispute,2025-08-20,Resolved,Neutral,Mediation,2025-09-11 00:00:00,,Workforce,Employee Relations,Employee Administration,Employee Relations
EMP0200,Employee_200,Marketing,Analyst,Other,2024-10-30,Open,Negative,Counseling,,,Workforce,Employee Relations,Employee Administration,Employee Relations
EMP0201,Employee_201,Sales,Consultant,Harassment,2025-08-04,Resolved,Positive,Mediation,2025-09-03 00:00:00,,Workforce,Employee Relations,Employee Administration,Employee Relations
EMP0202,Employee_202,Sales,Assistant,Other,2025-08-29,Resolved,Neutral,Counseling,2025-09-14 00:00:00,,Workforce,Employee Relations,Employee Administration,Employee Relations
EMP0203,Employee_203,Marketing,Assistant,Policy Violation,2025-07-04,In Progress,Positive,None,,,Workforce,Employee Relations,Employee Administration,Employee Relations
EMP0204,Employee_204,HR,Consultant,Harassment,2025-01-13,Resolved,Positive,Warning,2025-01-14 00:00:00,,Workforce,Employee Relations,Employee Administration,Employee Relations
EMP0205,Employee_205,Marketing,Analyst,Workplace Conflict,2025-01-05,Open,Positive,Mediation,,,Workforce,Employee Relations,Employee Administration,Employee Relations
EMP0206,Employee_206,Sales,Manager,Other,2024-12-23,In Progress,Negative,Warning,,,Workforce,Employee Relations,Employee Administration,Employee Relations
EMP0207,Employee_207,Marketing,Analyst,Workplace Conflict,2025-09-13,In Progress,Neutral,Mediation,,,Workforce,Employee Relations,Employee Administration,Employee Relations
EMP0208,Employee_208,IT,Manager,Other,2025-10-11,Resolved,Positive,Training,2025-10-13 00:00:00,,Workforce,Employee Relations,Employee Administration,Employee Relations
EMP0209,Employee_209,Finance,Engineer,Other,2024-12-01,Open,Neutral,Mediation,,,Workforce,Employee Relations,Employee Administration,Employee Relations
EMP0210,Employee_210,Finance,Engineer,Workplace Conflict,2025-03-27,In Progress,Negative,Training,,,Workforce,Employee Relations,Employee Administration,Employee Relations
EMP0211,Employee_211,Sales,Executive,Harassment,2025-03-30,Escalated,Negative,Warning,2025-04-16 00:00:00,,Workforce,Employee Relations,Employee Administration,Employee Relations
EMP0212,Employee_212,IT,Consultant,Policy Violation,2024-12-10,Open,Negative,None,,,Workforce,Employee Relations,Employee Administration,Employee Relations
EMP0213,Employee_213,Sales,Assistant,Workplace Conflict,2025-09-14,Open,Negative,Training,,,Workforce,Employee Relations,Employee Administration,Employee Relations
EMP0214,Employee_214,Finance,Assistant,Policy Violation,2024-11-05,In Progress,Neutral,Training,,,Workforce,Employee Relations,Employee Administration,Employee Relations
EMP0215,Employee_215,Finance,Analyst,Workplace Conflict,2025-07-25,Escalated,Neutral,None,2025-07-30 00:00:00,,Workforce,Employee Relations,Employee Administration,Employee Relations
EMP0216,Employee_216,IT,Analyst,Compensation Dispute,2025-04-30,Open,Positive,Training,,,Workforce,Employee Relations,Employee Administration,Employee Relations
EMP0217,Employee_217,Finance,Consultant,Policy Violation,2025-05-06,Resolved,Neutral,Mediation,2025-06-01 00:00:00,,Workforce,Employee Relations,Employee Administration,Employee Relations
EMP0218,Employee_218,Finance,Engineer,Compensation Dispute,2024-12-13,Escalated,Neutral,Mediation,2024-12-14 00:00:00,,Workforce,Employee Relations,Employee Administration,Employee Relations
EMP0219,Employee_219,HR,Manager,Workplace Conflict,2025-05-15,In Progress,Neutral,Mediation,,,Workforce,Employee Relations,Employee Administration,Employee Relations
EMP0220,Employee_220,Finance,Executive,Policy Violation,2025-05-14,Open,Negative,None,,,Workforce,Employee Relations,Employee Administration,Employee Relations
EMP0221,Employee_221,HR,Assistant,Policy Violation,2024-11-25,Open,Positive,Warning,,,Workforce,Employee Relations,Employee Administration,Employee Relations
EMP0222,Employee_222,Finance,Consultant,Policy Violation,2025-04-17,Open,Negative,None,,,Workforce,Employee Relations,Employee Administration,Employee Relations
EMP0223,Employee_223,Sales,Manager,Harassment,2024-12-25,Open,Positive,Counseling,,,Workforce,Employee Relations,Employee Administration,Employee Relations
EMP0224,Employee_224,HR,Consultant,Harassment,2024-11-06,Escalated,Neutral,Training,2024-11-22 00:00:00,,Workforce,Employee Relations,Employee Administration,Employee Relations
EMP0225,Employee_225,IT,Consultant,Other,2025-01-01,Escalated,Negative,Warning,2025-01-06 00:00:00,,Workforce,Employee Relations,Employee Administration,Employee Relations
EMP0226,Employee_226,IT,Executive,Workplace Conflict,2025-06-11,Open,Positive,Warning,,,Workforce,Employee Relations,Employee Administration,Employee Relations
EMP0227,Employee_227,IT,Consultant,Policy Violation,2025-05-08,In Progress,Negative,Training,,,Workforce,Employee Relations,Employee Administration,Employee Relations
EMP0228,Employee_228,Operations,Executive,Policy Violation,2025-05-30,Resolved,Neutral,Counseling,2025-06-29 00:00:00,,Workforce,Employee Relations,Employee Administration,Employee Relations
EMP0229,Employee_229,HR,Engineer,Policy Violation,2024-11-27,In Progress,Negative,None,,,Workforce,Employee Relations,Employee Administration,Employee Relations
EMP0230,Employee_230,IT,Consultant,Harassment,2025-01-31,Open,Negative,Warning,,,Workforce,Employee Relations,Employee Administration,Employee Relations
EMP0231,Employee_231,HR,Consultant,Workplace Conflict,2025-02-15,Open,Neutral,Training,,,Workforce,Employee Relations,Employee Administration,Employee Relations
EMP0232,Employee_232,Sales,Engineer,Harassment,2025-03-27,Resolved,Neutral,Counseling,2025-04-12 00:00:00,,Workforce,Employee Relations,Employee Administration,Employee Relations
EMP0233,Employee_233,HR,Analyst,Workplace Conflict,2025-07-19,Resolved,Positive,Training,2025-08-16 00:00:00,,Workforce,Employee Relations,Employee Administration,Employee Relations
EMP0234,Employee_234,Finance,Analyst,Workplace Conflict,2025-04-07,Open,Positive,Mediation,,,Workforce,Employee Relations,Employee Administration,Employee Relations
EMP0235,Employee_235,IT,Assistant,Other,2025-02-04,Open,Negative,Training,,,Workforce,Employee Relations,Employee Administration,Employee Relations
EMP0236,Employee_236,Operations,Manager,Harassment,2025-09-07,In Progress,Neutral,Counseling,,,Workforce,Employee Relations,Employee Administration,Employee Relations
EMP0237,Employee_237,Marketing,Engineer,Workplace Conflict,2024-12-03,Open,Positive,None,,,Workforce,Employee Relations,Employee Administration,Employee Relations
EMP0238,Employee_238,IT,Consultant,Policy Violation,2025-03-27,Escalated,Negative,None,2025-04-23 00:00:00,,Workforce,Employee Relations,Employee Administration,Employee Relations
EMP0239,Employee_239,Sales,Analyst,Workplace Conflict,2025-06-21,Resolved,Positive,Counseling,2025-07-21 00:00:00,,Workforce,Employee Relations,Employee Administration,Employee Relations
EMP0240,Employee_240,Finance,Engineer,Compensation Dispute,2024-11-15,Open,Positive,Mediation,,,Workforce,Employee Relations,Employee Administration,Employee Relations
EMP0241,Employee_241,Sales,Consultant,Workplace Conflict,2025-04-11,Open,Neutral,Warning,,,Workforce,Employee Relations,Employee Administration,Employee Relations
EMP0242,Employee_242,IT,Consultant,Workplace Conflict,2024-12-28,In Progress,Positive,Training,,,Workforce,Employee Relations,Employee Administration,Employee Relations
EMP0243,Employee_243,Marketing,Analyst,Other,2025-05-19,Open,Positive,Counseling,,,Workforce,Employee Relations,Employee Administration,Employee Relations
EMP0244,Employee_244,Marketing,Assistant,Workplace Conflict,2024-11-01,Open,Negative,Warning,,,Workforce,Employee Relations,Employee Administration,Employee Relations
EMP0245,Employee_245,Finance,Consultant,Compensation Dispute,2025-07-11,Open,Negative,Training,,,Workforce,Employee Relations,Employee Administration,Employee Relations
EMP0246,Employee_246,Sales,Engineer,Compensation Dispute,2024-11-28,Resolved,Neutral,Mediation,2024-12-23 00:00:00,,Workforce,Employee Relations,Employee Administration,Employee Relations
EMP0247,Employee_247,Sales,Assistant,Compensation Dispute,2025-09-10,Escalated,Neutral,Training,2025-10-04 00:00:00,,Workforce,Employee Relations,Employee Administration,Employee Relations
EMP0248,Employee_248,Marketing,Consultant,Harassment,2025-01-28,In Progress,Neutral,None,,,Workforce,Employee Relations,Employee Administration,Employee Relations
EMP0249,Employee_249,HR,Manager,Workplace Conflict,2024-12-05,In Progress,Negative,Mediation,,,Workforce,Employee Relations,Employee Administration,Employee Relations
EMP0250,Employee_250,Operations,Engineer,Compensation Dispute,2025-08-29,In Progress,Positive,Mediation,,,Workforce,Employee Relations,Employee Administration,Employee Relations
EMP0251,Employee_251,HR,Manager,Other,2024-12-12,Escalated,Neutral,Mediation,2024-12-18 00:00:00,,Workforce,Employee Relations,Employee Administration,Employee Relations
EMP0252,Employee_252,HR,Analyst,Other,2024-11-04,Open,Negative,Mediation,,,Workforce,Employee Relations,Employee Administration,Employee Relations
EMP0253,Employee_253,Finance,Engineer,Compensation Dispute,2025-04-03,Resolved,Neutral,Mediation,2025-04-08 00:00:00,,Workforce,Employee Relations,Employee Administration,Employee Relations
EMP0254,Employee_254,Operations,Consultant,Harassment,2025-04-19,Resolved,Neutral,None,2025-05-18 00:00:00,,Workforce,Employee Relations,Employee Administration,Employee Relations
EMP0255,Employee_255,Finance,Assistant,Compensation Dispute,2025-02-23,In Progress,Positive,Counseling,,,Workforce,Employee Relations,Employee Administration,Employee Relations
EMP0256,Employee_256,HR,Manager,Compensation Dispute,2025-03-24,Open,Neutral,Counseling,,,Workforce,Employee Relations,Employee Administration,Employee Relations
EMP0257,Employee_257,Marketing,Executive,Policy Violation,2025-02-16,Escalated,Negative,Training,2025-03-10 00:00:00,,Workforce,Employee Relations,Employee Administration,Employee Relations
EMP0258,Employee_258,IT,Assistant,Workplace Conflict,2025-01-21,In Progress,Positive,Warning,,,Workforce,Employee Relations,Employee Administration,Employee Relations
EMP0259,Employee_259,Operations,Consultant,Compensation Dispute,2025-01-12,Resolved,Positive,Warning,2025-02-02 00:00:00,,Workforce,Employee Relations,Employee Administration,Employee Relations
EMP0260,Employee_260,Operations,Executive,Policy Violation,2025-09-22,Open,Positive,Training,,,Workforce,Employee Relations,Employee Administration,Employee Relations
EMP0261,Employee_261,HR,Assistant,Compensation Dispute,2025-10-06,Escalated,Neutral,Training,2025-10-29 00:00:00,,Workforce,Employee Relations,Employee Administration,Employee Relations
EMP0262,Employee_262,Operations,Executive,Other,2024-10-24,Resolved,Neutral,Mediation,2024-10-29 00:00:00,,Workforce,Employee Relations,Employee Administration,Employee Relations
EMP0263,Employee_263,Operations,Executive,Harassment,2025-01-05,In Progress,Neutral,Counseling,,,Workforce,Employee Relations,Employee Administration,Employee Relations
EMP0264,Employee_264,Marketing,Consultant,Policy Violation,2025-01-27,Resolved,Positive,Mediation,2025-02-01 00:00:00,,Workforce,Employee Relations,Employee Administration,Employee Relations
EMP0265,Employee_265,HR,Engineer,Compensation Dispute,2025-02-19,Escalated,Neutral,Warning,2025-02-23 00:00:00,,Workforce,Employee Relations,Employee Administration,Employee Relations
EMP0266,Employee_266,Finance,Assistant,Workplace Conflict,2024-11-15,In Progress,Positive,None,,,Workforce,Employee Relations,Employee Administration,Employee Relations
EMP0267,Employee_267,Marketing,Manager,Other,2025-07-28,In Progress,Negative,Warning,,,Workforce,Employee Relations,Employee Administration,Employee Relations
EMP0268,Employee_268,Marketing,Consultant,Policy Violation,2025-04-20,In Progress,Negative,Counseling,,,Workforce,Employee Relations,Employee Administration,Employee Relations
EMP0269,Employee_269,IT,Analyst,Harassment,2025-03-02,In Progress,Negative,Mediation,,,Workforce,Employee Relations,Employee Administration,Employee Relations
EMP0270,Employee_270,IT,Engineer,Compensation Dispute,2025-07-16,In Progress,Neutral,Warning,,,Workforce,Employee Relations,Employee Administration,Employee Relations
EMP0271,Employee_271,IT,Manager,Other,2025-10-05,Open,Negative,Training,,,Workforce,Employee Relations,Employee Administration,Employee Relations
EMP0272,Employee_272,Finance,Manager,Workplace Conflict,2024-10-20,In Progress,Positive,Warning,,,Workforce,Employee Relations,Employee Administration,Employee Relations
EMP0273,Employee_273,Finance,Executive,Policy Violation,2025-05-02,Resolved,Neutral,Warning,2025-05-11 00:00:00,,Workforce,Employee Relations,Employee Administration,Employee Relations
EMP0274,Employee_274,Operations,Assistant,Compensation Dispute,2025-08-03,In Progress,Negative,Counseling,,,Workforce,Employee Relations,Employee Administration,Employee Relations
EMP0275,Employee_275,Finance,Consultant,Workplace Conflict,2025-04-24,Resolved,Negative,Training,2025-05-03 00:00:00,,Workforce,Employee Relations,Employee Administration,Employee Relations
EMP0276,Employee_276,Marketing,Analyst,Policy Violation,2025-04-07,Escalated,Neutral,None,2025-05-04 00:00:00,,Workforce,Employee Relations,Employee Administration,Employee Relations
EMP0277,Employee_277,Finance,Consultant,Other,2024-12-30,Resolved,Neutral,Training,2025-01-24 00:00:00,,Workforce,Employee Relations,Employee Administration,Employee Relations
EMP0278,Employee_278,HR,Consultant,Policy Violation,2025-07-23,Escalated,Negative,Training,2025-08-13 00:00:00,,Workforce,Employee Relations,Employee Administration,Employee Relations
EMP0279,Employee_279,Operations,Consultant,Other,2025-05-01,Escalated,Positive,Counseling,2025-05-23 00:00:00,,Workforce,Employee Relations,Employee Administration,Employee Relations
EMP0280,Employee_280,HR,Assistant,Compensation Dispute,2025-08-08,Open,Neutral,Mediation,,,Workforce,Employee Relations,Employee Administration,Employee Relations
EMP0281,Employee_281,Finance,Analyst,Compensation Dispute,2025-06-04,Open,Negative,Training,,,Workforce,Employee Relations,Employee Administration,Employee Relations
EMP0282,Employee_282,Finance,Consultant,Policy Violation,2025-10-13,Open,Negative,None,,,Workforce,Employee Relations,Employee Administration,Employee Relations
EMP0283,Employee_283,Finance,Executive,Workplace Conflict,2024-11-10,Escalated,Negative,Warning,2024-11-24 00:00:00,,Workforce,Employee Relations,Employee Administration,Employee Relations
EMP0284,Employee_284,HR,Assistant,Harassment,2024-12-18,Resolved,Positive,Counseling,2024-12-20 00:00:00,,Workforce,Employee Relations,Employee Administration,Employee Relations
EMP0285,Employee_285,IT,Manager,Other,2024-10-29,Resolved,Neutral,Training,2024-11-12 00:00:00,,Workforce,Employee Relations,Employee Administration,Employee Relations
EMP0286,Employee_286,IT,Executive,Harassment,2025-05-10,In Progress,Negative,Training,,,Workforce,Employee Relations,Employee Administration,Employee Relations
EMP0287,Employee_287,Sales,Analyst,Other,2025-04-26,Resolved,Positive,Counseling,2025-05-18 00:00:00,,Workforce,Employee Relations,Employee Administration,Employee Relations
EMP0288,Employee_288,Marketing,Manager,Workplace Conflict,2025-01-11,In Progress,Negative,Warning,,,Workforce,Employee Relations,Employee Administration,Employee Relations
EMP0289,Employee_289,Sales,Executive,Workplace Conflict,2025-04-25,Resolved,Neutral,None,2025-05-05 00:00:00,,Workforce,Employee Relations,Employee Administration,Employee Relations
EMP0290,Employee_290,Operations,Executive,Compensation Dispute,2025-03-04,Escalated,Neutral,Warning,2025-03-27 00:00:00,,Workforce,Employee Relations,Employee Administration,Employee Relations
EMP0291,Employee_291,Finance,Executive,Harassment,2025-03-25,Escalated,Neutral,Warning,2025-03-27 00:00:00,,Workforce,Employee Relations,Employee Administration,Employee Relations
EMP0292,Employee_292,Finance,Engineer,Workplace Conflict,2025-01-07,Escalated,Negative,Training,2025-01-22 00:00:00,,Workforce,Employee Relations,Employee Administration,Employee Relations
EMP0293,Employee_293,Marketing,Manager,Harassment,2025-07-16,Resolved,Positive,Mediation,2025-07-19 00:00:00,,Workforce,Employee Relations,Employee Administration,Employee Relations
EMP0294,Employee_294,Finance,Manager,Workplace Conflict,2025-06-11,Resolved,Positive,Training,2025-07-03 00:00:00,,Workforce,Employee Relations,Employee Administration,Employee Relations
EMP0295,Employee_295,Sales,Manager,Compensation Dispute,2025-06-27,In Progress,Positive,Counseling,,,Workforce,Employee Relations,Employee Administration,Employee Relations
EMP0296,Employee_296,Operations,Assistant,Harassment,2025-03-05,Resolved,Positive,Training,2025-03-25 00:00:00,,Workforce,Employee Relations,Employee Administration,Employee Relations
EMP0297,Employee_297,Marketing,Consultant,Workplace Conflict,2024-12-15,Escalated,Positive,Mediation,2025-01-11 00:00:00,,Workforce,Employee Relations,Employee Administration,Employee Relations
EMP0298,Employee_298,Sales,Analyst,Policy Violation,2025-03-27,Escalated,Neutral,None,2025-03-31 00:00:00,,Workforce,Employee Relations,Employee Administration,Employee Relations
EMP0299,Employee_299,Sales,Engineer,Other,2025-08-24,Open,Neutral,Warning,,,Workforce,Employee Relations,Employee Administration,Employee Relations
EMP0300,Employee_300,Finance,Executive,Workplace Conflict,2024-11-27,Escalated,Negative,Warning,2024-12-20 00:00:00,,Workforce,Employee Relations,Employee Administration,Employee Relations
EMP0301,Employee_301,Operations,Consultant,Workplace Conflict,2025-04-14,Open,Neutral,Training,,,Workforce,Employee Relations,Employee Administration,Employee Relations
EMP0302,Employee_302,Sales,Consultant,Other,2025-08-04,In Progress,Neutral,Counseling,,,Workforce,Employee Relations,Employee Administration,Employee Relations
EMP0303,Employee_303,HR,Manager,Policy Violation,2025-02-10,Resolved,Positive,None,2025-02-25 00:00:00,,Workforce,Employee Relations,Employee Administration,Employee Relations
EMP0304,Employee_304,Finance,Consultant,Compensation Dispute,2025-07-14,Open,Positive,None,,,Workforce,Employee Relations,Employee Administration,Employee Relations
EMP0305,Employee_305,Operations,Manager,Other,2025-07-17,Escalated,Negative,Mediation,2025-08-12 00:00:00,,Workforce,Employee Relations,Employee Administration,Employee Relations
EMP0306,Employee_306,Marketing,Manager,Other,2025-02-16,Resolved,Negative,Warning,2025-03-13 00:00:00,,Workforce,Employee Relations,Employee Administration,Employee Relations
EMP0307,Employee_307,Operations,Manager,Policy Violation,2025-09-02,In Progress,Neutral,Warning,,,Workforce,Employee Relations,Employee Administration,Employee Relations
EMP0308,Employee_308,HR,Engineer,Harassment,2024-12-20,Escalated,Positive,Mediation,2025-01-08 00:00:00,,Workforce,Employee Relations,Employee Administration,Employee Relations
EMP0309,Employee_309,Operations,Manager,Compensation Dispute,2025-06-04,Escalated,Positive,Training,2025-06-23 00:00:00,,Workforce,Employee Relations,Employee Administration,Employee Relations
EMP0310,Employee_310,Operations,Consultant,Other,2025-07-12,Escalated,Negative,Counseling,2025-07-23 00:00:00,,Workforce,Employee Relations,Employee Administration,Employee Relations
EMP0311,Employee_311,IT,Analyst,Policy Violation,2024-10-30,In Progress,Positive,Training,,,Workforce,Employee Relations,Employee Administration,Employee Relations
EMP0312,Employee_312,Operations,Assistant,Policy Violation,2024-12-08,In Progress,Positive,Counseling,,,Workforce,Employee Relations,Employee Administration,Employee Relations
EMP0313,Employee_313,Operations,Analyst,Other,2025-03-06,In Progress,Positive,None,,,Workforce,Employee Relations,Employee Administration,Employee Relations
EMP0314,Employee_314,Operations,Consultant,Policy Violation,2025-03-16,Open,Positive,None,,,Workforce,Employee Relations,Employee Administration,Employee Relations
EMP0315,Employee_315,Finance,Analyst,Harassment,2025-01-03,Escalated,Negative,Warning,2025-01-12 00:00:00,,Workforce,Employee Relations,Employee Administration,Employee Relations
EMP0316,Employee_316,Sales,Executive,Harassment,2025-04-12,Resolved,Positive,Mediation,2025-04-24 00:00:00,,Workforce,Employee Relations,Employee Administration,Employee Relations
EMP0317,Employee_317,IT,Engineer,Harassment,2025-09-28,Open,Neutral,Mediation,,,Workforce,Employee Relations,Employee Administration,Employee Relations
EMP0318,Employee_318,IT,Engineer,Other,2024-10-22,In Progress,Neutral,Warning,,,Workforce,Employee Relations,Employee Administration,Employee Relations
EMP0319,Employee_319,IT,Consultant,Other,2024-12-18,Open,Positive,None,,,Workforce,Employee Relations,Employee Administration,Employee Relations
EMP0320,Employee_320,Operations,Engineer,Other,2025-05-25,Open,Negative,Warning,,,Workforce,Employee Relations,Employee Administration,Employee Relations
EMP0321,Employee_321,Sales,Manager,Other,2025-04-06,In Progress,Positive,Training,,,Workforce,Employee Relations,Employee Administration,Employee Relations
EMP0322,Employee_322,HR,Manager,Workplace Conflict,2025-05-04,Resolved,Neutral,Counseling,2025-06-01 00:00:00,,Workforce,Employee Relations,Employee Administration,Employee Relations
EMP0323,Employee_323,Marketing,Consultant,Policy Violation,2025-06-10,Resolved,Negative,Warning,2025-06-17 00:00:00,,Workforce,Employee Relations,Employee Administration,Employee Relations
EMP0324,Employee_324,Operations,Executive,Policy Violation,2025-06-16,Resolved,Negative,Counseling,2025-07-01 00:00:00,,Workforce,Employee Relations,Employee Administration,Employee Relations
EMP0325,Employee_325,Operations,Assistant,Harassment,2025-04-28,In Progress,Positive,Mediation,,,Workforce,Employee Relations,Employee Administration,Employee Relations
EMP0326,Employee_326,Operations,Executive,Other,2025-07-13,In Progress,Positive,Warning,,,Workforce,Employee Relations,Employee Administration,Employee Relations
EMP0327,Employee_327,Marketing,Manager,Other,2025-02-27,In Progress,Negative,Warning,,,Workforce,Employee Relations,Employee Administration,Employee Relations
EMP0328,Employee_328,Finance,Assistant,Policy Violation,2025-08-26,In Progress,Negative,Counseling,,,Workforce,Employee Relations,Employee Administration,Employee Relations
EMP0329,Employee_329,Operations,Engineer,Workplace Conflict,2025-02-25,Escalated,Neutral,Training,2025-03-14 00:00:00,,Workforce,Employee Relations,Employee Administration,Employee Relations
EMP0330,Employee_330,Finance,Assistant,Compensation Dispute,2025-06-27,Resolved,Neutral,Mediation,2025-06-30 00:00:00,,Workforce,Employee Relations,Employee Administration,Employee Relations
EMP0331,Employee_331,Finance,Consultant,Other,2025-10-01,Escalated,Neutral,Counseling,2025-10-08 00:00:00,,Workforce,Employee Relations,Employee Administration,Employee Relations
EMP0332,Employee_332,IT,Consultant,Policy Violation,2025-05-30,Escalated,Neutral,Warning,2025-06-22 00:00:00,,Workforce,Employee Relations,Employee Administration,Employee Relations
EMP0333,Employee_333,Operations,Consultant,Workplace Conflict,2025-06-22,Escalated,Negative,Counseling,2025-06-29 00:00:00,,Workforce,Employee Relations,Employee Administration,Employee Relations
EMP0334,Employee_334,Finance,Manager,Other,2025-10-03,In Progress,Positive,Warning,,,Workforce,Employee Relations,Employee Administration,Employee Relations
EMP0335,Employee_335,Operations,Consultant,Harassment,2025-04-28,In Progress,Neutral,Warning,,,Workforce,Employee Relations,Employee Administration,Employee Relations
EMP0336,Employee_336,Sales,Manager,Policy Violation,2024-10-23,Open,Negative,Counseling,,,Workforce,Employee Relations,Employee Administration,Employee Relations
EMP0337,Employee_337,IT,Assistant,Policy Violation,2025-03-10,In Progress,Negative,Counseling,,,Workforce,Employee Relations,Employee Administration,Employee Relations
EMP0338,Employee_338,Marketing,Manager,Workplace Conflict,2025-01-31,In Progress,Positive,None,,,Workforce,Employee Relations,Employee Administration,Employee Relations
EMP0339,Employee_339,Operations,Analyst,Other,2025-03-07,In Progress,Neutral,None,,,Workforce,Employee Relations,Employee Administration,Employee Relations
EMP0340,Employee_340,Marketing,Consultant,Workplace Conflict,2025-07-06,In Progress,Neutral,Warning,,,Workforce,Employee Relations,Employee Administration,Employee Relations
EMP0341,Employee_341,Finance,Executive,Other,2025-09-13,Escalated,Neutral,Warning,2025-10-06 00:00:00,,Workforce,Employee Relations,Employee Administration,Employee Relations
EMP0342,Employee_342,HR,Consultant,Compensation Dispute,2024-10-23,In Progress,Negative,None,,,Workforce,Employee Relations,Employee Administration,Employee Relations
EMP0343,Employee_343,Marketing,Consultant,Workplace Conflict,2024-12-25,Escalated,Negative,Warning,2024-12-27 00:00:00,,Workforce,Employee Relations,Employee Administration,Employee Relations
EMP0344,Employee_344,Marketing,Analyst,Harassment,2025-07-30,Open,Positive,Counseling,,,Workforce,Employee Relations,Employee Administration,Employee Relations
EMP0345,Employee_345,Finance,Analyst,Workplace Conflict,2025-01-06,Escalated,Negative,Training,2025-01-10 00:00:00,,Workforce,Employee Relations,Employee Administration,Employee Relations
EMP0346,Employee_346,Sales,Analyst,Policy Violation,2024-10-23,In Progress,Negative,Warning,,,Workforce,Employee Relations,Employee Administration,Employee Relations
EMP0347,Employee_347,HR,Executive,Compensation Dispute,2024-10-28,In Progress,Neutral,Mediation,,,Workforce,Employee Relations,Employee Administration,Employee Relations
EMP0348,Employee_348,Operations,Consultant,Workplace Conflict,2025-02-19,Open,Positive,None,,,Workforce,Employee Relations,Employee Administration,Employee Relations
EMP0349,Employee_349,Finance,Assistant,Other,2025-02-12,Escalated,Negative,None,2025-02-19 00:00:00,,Workforce,Employee Relations,Employee Administration,Employee Relations
EMP0350,Employee_350,Sales,Engineer,Compensation Dispute,2025-02-04,In Progress,Negative,None,,,Workforce,Employee Relations,Employee Administration,Employee Relations
EMP0351,Employee_351,Finance,Assistant,Harassment,2025-06-30,Open,Positive,Training,,,Workforce,Employee Relations,Employee Administration,Employee Relations
EMP0352,Employee_352,Marketing,Assistant,Harassment,2024-11-27,Escalated,Neutral,Warning,2024-12-05 00:00:00,,Workforce,Employee Relations,Employee Administration,Employee Relations
EMP0353,Employee_353,IT,Executive,Other,2025-10-05,Resolved,Negative,Mediation,2025-10-20 00:00:00,,Workforce,Employee Relations,Employee Administration,Employee Relations
EMP0354,Employee_354,Marketing,Consultant,Policy Violation,2025-03-29,Open,Positive,Training,,,Workforce,Employee Relations,Employee Administration,Employee Relations
EMP0355,Employee_355,Finance,Engineer,Other,2025-04-30,Resolved,Neutral,Warning,2025-05-27 00:00:00,,Workforce,Employee Relations,Employee Administration,Employee Relations
EMP0356,Employee_356,HR,Executive,Other,2025-06-12,Resolved,Negative,Counseling,2025-06-16 00:00:00,,Workforce,Employee Relations,Employee Administration,Employee Relations
EMP0357,Employee_357,IT,Assistant,Compensation Dispute,2024-12-20,Escalated,Negative,Counseling,2025-01-16 00:00:00,,Workforce,Employee Relations,Employee Administration,Employee Relations
EMP0358,Employee_358,HR,Analyst,Policy Violation,2025-02-28,In Progress,Negative,None,,,Workforce,Employee Relations,Employee Administration,Employee Relations
EMP0359,Employee_359,Marketing,Executive,Compensation Dispute,2025-06-16,In Progress,Positive,Mediation,,,Workforce,Employee Relations,Employee Administration,Employee Relations
EMP0360,Employee_360,IT,Analyst,Other,2025-03-23,Escalated,Positive,Training,2025-03-29 00:00:00,,Workforce,Employee Relations,Employee Administration,Employee Relations
EMP0361,Employee_361,HR,Engineer,Compensation Dispute,2025-05-22,Open,Positive,Warning,,,Workforce,Employee Relations,Employee Administration,Employee Relations
EMP0362,Employee_362,HR,Engineer,Policy Violation,2025-01-26,Resolved,Neutral,Counseling,2025-02-06 00:00:00,,Workforce,Employee Relations,Employee Administration,Employee Relations
EMP0363,Employee_363,Sales,Engineer,Workplace Conflict,2025-01-10,Open,Negative,Counseling,,,Workforce,Employee Relations,Employee Administration,Employee Relations
EMP0364,Employee_364,Finance,Executive,Other,2025-09-21,In Progress,Neutral,Training,,,Workforce,Employee Relations,Employee Administration,Employee Relations
EMP0365,Employee_365,Operations,Analyst,Workplace Conflict,2025-04-01,Resolved,Positive,None,2025-04-28 00:00:00,,Workforce,Employee Relations,Employee Administration,Employee Relations
EMP0366,Employee_366,Operations,Consultant,Policy Violation,2024-12-03,Resolved,Negative,Counseling,2024-12-21 00:00:00,,Workforce,Employee Relations,Employee Administration,Employee Relations
EMP0367,Employee_367,Sales,Engineer,Compensation Dispute,2025-08-21,In Progress,Positive,Counseling,,,Workforce,Employee Relations,Employee Administration,Employee Relations
EMP0368,Employee_368,Finance,Consultant,Other,2025-06-26,Open,Positive,Mediation,,,Workforce,Employee Relations,Employee Administration,Employee Relations
EMP0369,Employee_369,Sales,Analyst,Other,2024-11-19,Open,Neutral,Warning,,,Workforce,Employee Relations,Employee Administration,Employee Relations
EMP0370,Employee_370,Operations,Analyst,Workplace Conflict,2025-05-10,Resolved,Positive,None,2025-05-20 00:00:00,,Workforce,Employee Relations,Employee Administration,Employee Relations
EMP0371,Employee_371,Marketing,Executive,Workplace Conflict,2025-03-22,Open,Negative,Mediation,,,Workforce,Employee Relations,Employee Administration,Employee Relations
EMP0372,Employee_372,HR,Engineer,Policy Violation,2025-06-24,Resolved,Negative,None,2025-07-21 00:00:00,,Workforce,Employee Relations,Employee Administration,Employee Relations
EMP0373,Employee_373,Sales,Consultant,Compensation Dispute,2025-03-07,In Progress,Positive,None,,,Workforce,Employee Relations,Employee Administration,Employee Relations
EMP0374,Employee_374,HR,Assistant,Compensation Dispute,2025-02-26,Escalated,Negative,None,2025-03-28 00:00:00,,Workforce,Employee Relations,Employee Administration,Employee Relations
EMP0375,Employee_375,Finance,Engineer,Policy Violation,2025-09-03,Open,Neutral,Training,,,Workforce,Employee Relations,Employee Administration,Employee Relations
EMP0376,Employee_376,Marketing,Consultant,Other,2025-01-21,In Progress,Positive,Mediation,,,Workforce,Employee Relations,Employee Administration,Employee Relations
EMP0377,Employee_377,IT,Engineer,Policy Violation,2024-12-30,In Progress,Positive,None,,,Workforce,Employee Relations,Employee Administration,Employee Relations
EMP0378,Employee_378,Marketing,Executive,Policy Violation,2025-06-21,Resolved,Neutral,Counseling,2025-06-24 00:00:00,,Workforce,Employee Relations,Employee Administration,Employee Relations
EMP0379,Employee_379,HR,Analyst,Policy Violation,2025-05-14,Escalated,Positive,Warning,2025-06-13 00:00:00,,Workforce,Employee Relations,Employee Administration,Employee Relations
EMP0380,Employee_380,IT,Executive,Compensation Dispute,2025-05-15,Escalated,Negative,Training,2025-05-28 00:00:00,,Workforce,Employee Relations,Employee Administration,Employee Relations
EMP0381,Employee_381,Marketing,Executive,Policy Violation,2025-04-07,Open,Negative,None,,,Workforce,Employee Relations,Employee Administration,Employee Relations
EMP0382,Employee_382,IT,Engineer,Harassment,2025-05-31,Open,Positive,Warning,,,Workforce,Employee Relations,Employee Administration,Employee Relations
EMP0383,Employee_383,HR,Manager,Other,2025-06-23,Open,Negative,None,,,Workforce,Employee Relations,Employee Administration,Employee Relations
EMP0384,Employee_384,Finance,Consultant,Compensation Dispute,2025-08-25,Escalated,Negative,Warning,2025-09-11 00:00:00,,Workforce,Employee Relations,Employee Administration,Employee Relations
EMP0385,Employee_385,Sales,Engineer,Harassment,2025-10-08,Open,Negative,Counseling,,,Workforce,Employee Relations,Employee Administration,Employee Relations
EMP0386,Employee_386,Marketing,Assistant,Compensation Dispute,2025-02-07,Escalated,Negative,Counseling,2025-02-08 00:00:00,,Workforce,Employee Relations,Employee Administration,Employee Relations
EMP0387,Employee_387,Sales,Analyst,Policy Violation,2025-08-26,Open,Negative,Counseling,,,Workforce,Employee Relations,Employee Administration,Employee Relations
EMP0388,Employee_388,Operations,Consultant,Policy Violation,2025-04-20,In Progress,Negative,None,,,Workforce,Employee Relations,Employee Administration,Employee Relations
EMP0389,Employee_389,Sales,Manager,Other,2025-03-16,Open,Negative,Counseling,,,Workforce,Employee Relations,Employee Administration,Employee Relations
EMP0390,Employee_390,Marketing,Consultant,Workplace Conflict,2024-12-30,Escalated,Neutral,Counseling,2025-01-20 00:00:00,,Workforce,Employee Relations,Employee Administration,Employee Relations
EMP0391,Employee_391,Sales,Assistant,Policy Violation,2025-03-07,Escalated,Positive,Warning,2025-03-20 00:00:00,,Workforce,Employee Relations,Employee Administration,Employee Relations
EMP0392,Employee_392,Sales,Analyst,Harassment,2025-05-07,Resolved,Neutral,Mediation,2025-05-11 00:00:00,,Workforce,Employee Relations,Employee Administration,Employee Relations
EMP0393,Employee_393,Sales,Assistant,Workplace Conflict,2025-01-10,Resolved,Neutral,Counseling,2025-01-12 00:00:00,,Workforce,Employee Relations,Employee Administration,Employee Relations
EMP0394,Employee_394,IT,Assistant,Compensation Dispute,2025-09-03,Open,Positive,Mediation,,,Workforce,Employee Relations,Employee Administration,Employee Relations
EMP0395,Employee_395,HR,Analyst,Workplace Conflict,2024-10-27,Escalated,Negative,Counseling,2024-11-05 00:00:00,,Workforce,Employee Relations,Employee Administration,Employee Relations
EMP0396,Employee_396,Sales,Executive,Workplace Conflict,2025-07-29,Open,Neutral,Warning,,,Workforce,Employee Relations,Employee Administration,Employee Relations
EMP0397,Employee_397,HR,Consultant,Workplace Conflict,2025-08-19,Open,Negative,None,,,Workforce,Employee Relations,Employee Administration,Employee Relations
EMP0398,Employee_398,HR,Consultant,Other,2025-02-17,Open,Neutral,Training,,,Workforce,Employee Relations,Employee Administration,Employee Relations
EMP0399,Employee_399,Sales,Engineer,Compensation Dispute,2024-12-19,Escalated,Negative,None,2024-12-31 00:00:00,,Workforce,Employee Relations,Employee Administration,Employee Relations
EMP0400,Employee_400,Operations,Consultant,Workplace Conflict,2025-07-02,In Progress,Negative,Mediation,,,Workforce,Employee Relations,Employee Administration,Employee Relations
EMP0401,Employee_401,Sales,Assistant,Other,2025-04-07,Escalated,Negative,Warning,2025-04-25 00:00:00,,Workforce,Employee Relations,Employee Administration,Employee Relations
EMP0402,Employee_402,Marketing,Assistant,Policy Violation,2024-12-03,Resolved,Neutral,Mediation,2024-12-10 00:00:00,,Workforce,Employee Relations,Employee Administration,Employee Relations
EMP0403,Employee_403,Sales,Manager,Policy Violation,2025-02-08,Resolved,Neutral,Mediation,2025-02-23 00:00:00,,Workforce,Employee Relations,Employee Administration,Employee Relations
EMP0404,Employee_404,Marketing,Analyst,Workplace Conflict,2025-03-20,Resolved,Positive,Counseling,2025-04-18 00:00:00,,Workforce,Employee Relations,Employee Administration,Employee Relations
EMP0405,Employee_405,IT,Manager,Compensation Dispute,2025-08-14,Resolved,Neutral,None,2025-08-19 00:00:00,,Workforce,Employee Relations,Employee Administration,Employee Relations
EMP0406,Employee_406,IT,Consultant,Policy Violation,2025-09-04,Resolved,Negative,Warning,2025-09-26 00:00:00,,Workforce,Employee Relations,Employee Administration,Employee Relations
EMP0407,Employee_407,Sales,Analyst,Compensation Dispute,2025-03-26,Resolved,Positive,Training,2025-03-28 00:00:00,,Workforce,Employee Relations,Employee Administration,Employee Relations
EMP0408,Employee_408,Operations,Consultant,Workplace Conflict,2025-09-25,In Progress,Negative,Counseling,,,Workforce,Employee Relations,Employee Administration,Employee Relations
EMP0409,Employee_409,Operations,Consultant,Policy Violation,2025-05-04,Open,Positive,None,,,Workforce,Employee Relations,Employee Administration,Employee Relations
EMP0410,Employee_410,Operations,Analyst,Other,2025-09-21,Open,Negative,None,,,Workforce,Employee Relations,Employee Administration,Employee Relations
EMP0411,Employee_411,Marketing,Executive,Compensation Dispute,2025-04-27,Resolved,Positive,None,2025-05-12 00:00:00,,Workforce,Employee Relations,Employee Administration,Employee Relations
EMP0412,Employee_412,HR,Executive,Other,2024-10-18,Resolved,Positive,Mediation,2024-10-24 00:00:00,,Workforce,Employee Relations,Employee Administration,Employee Relations
EMP0413,Employee_413,Operations,Assistant,Policy Violation,2024-12-18,Escalated,Neutral,Counseling,2025-01-05 00:00:00,,Workforce,Employee Relations,Employee Administration,Employee Relations
EMP0414,Employee_414,IT,Assistant,Workplace Conflict,2025-05-20,Open,Positive,Mediation,,,Workforce,Employee Relations,Employee Administration,Employee Relations
EMP0415,Employee_415,Finance,Executive,Policy Violation,2025-02-06,Open,Negative,Warning,,,Workforce,Employee Relations,Employee Administration,Employee Relations
EMP0416,Employee_416,HR,Engineer,Other,2025-01-31,Resolved,Positive,Training,2025-02-04 00:00:00,,Workforce,Employee Relations,Employee Administration,Employee Relations
EMP0417,Employee_417,Operations,Manager,Other,2025-01-21,In Progress,Neutral,Counseling,,,Workforce,Employee Relations,Employee Administration,Employee Relations
EMP0418,Employee_418,Marketing,Engineer,Harassment,2025-07-07,Resolved,Negative,Training,2025-07-19 00:00:00,,Workforce,Employee Relations,Employee Administration,Employee Relations
EMP0419,Employee_419,HR,Assistant,Policy Violation,2025-07-19,Escalated,Negative,None,2025-08-01 00:00:00,,Workforce,Employee Relations,Employee Administration,Employee Relations
EMP0420,Employee_420,Operations,Executive,Other,2025-05-01,Open,Positive,Mediation,,,Workforce,Employee Relations,Employee Administration,Employee Relations
EMP0421,Employee_421,Marketing,Consultant,Policy Violation,2025-06-20,Escalated,Negative,Warning,2025-07-19 00:00:00,,Workforce,Employee Relations,Employee Administration,Employee Relations
EMP0422,Employee_422,HR,Engineer,Other,2025-06-07,Resolved,Neutral,Mediation,2025-06-20 00:00:00,,Workforce,Employee Relations,Employee Administration,Employee Relations
EMP0423,Employee_423,Marketing,Analyst,Policy Violation,2024-11-13,Open,Negative,Mediation,,,Workforce,Employee Relations,Employee Administration,Employee Relations
EMP0424,Employee_424,IT,Analyst,Policy Violation,2025-10-13,Escalated,Positive,Training,2025-11-02 00:00:00,,Workforce,Employee Relations,Employee Administration,Employee Relations
EMP0425,Employee_425,Finance,Analyst,Harassment,2025-08-21,In Progress,Positive,None,,,Workforce,Employee Relations,Employee Administration,Employee Relations
EMP0426,Employee_426,Sales,Analyst,Other,2025-05-06,Escalated,Negative,None,2025-05-22 00:00:00,,Workforce,Employee Relations,Employee Administration,Employee Relations
EMP0427,Employee_427,Finance,Executive,Harassment,2025-05-26,Escalated,Negative,Mediation,2025-06-24 00:00:00,,Workforce,Employee Relations,Employee Administration,Employee Relations
EMP0428,Employee_428,Finance,Assistant,Policy Violation,2024-10-31,Open,Positive,Warning,,,Workforce,Employee Relations,Employee Administration,Employee Relations
EMP0429,Employee_429,HR,Analyst,Compensation Dispute,2025-01-26,Resolved,Neutral,Mediation,2025-02-13 00:00:00,,Workforce,Employee Relations,Employee Administration,Employee Relations
EMP0430,Employee_430,Sales,Analyst,Compensation Dispute,2025-04-12,Open,Negative,Training,,,Workforce,Employee Relations,Employee Administration,Employee Relations
EMP0431,Employee_431,HR,Engineer,Harassment,2025-06-17,In Progress,Positive,None,,,Workforce,Employee Relations,Employee Administration,Employee Relations
EMP0432,Employee_432,Marketing,Consultant,Other,2025-06-05,Escalated,Positive,Counseling,2025-06-30 00:00:00,,Workforce,Employee Relations,Employee Administration,Employee Relations
EMP0433,Employee_433,Sales,Analyst,Other,2025-01-05,In Progress,Negative,Mediation,,,Workforce,Employee Relations,Employee Administration,Employee Relations
EMP0434,Employee_434,Sales,Manager,Compensation Dispute,2025-03-03,Open,Negative,Counseling,,,Workforce,Employee Relations,Employee Administration,Employee Relations
EMP0435,Employee_435,IT,Assistant,Harassment,2025-05-03,Escalated,Negative,None,2025-05-19 00:00:00,,Workforce,Employee Relations,Employee Administration,Employee Relations
EMP0436,Employee_436,Sales,Analyst,Policy Violation,2025-06-19,In Progress,Neutral,None,,,Workforce,Employee Relations,Employee Administration,Employee Relations
EMP0437,Employee_437,Operations,Engineer,Harassment,2025-10-12,Resolved,Neutral,Counseling,2025-10-23 00:00:00,,Workforce,Employee Relations,Employee Administration,Employee Relations
EMP0438,Employee_438,Marketing,Engineer,Compensation Dispute,2025-01-24,Resolved,Positive,Mediation,2025-02-16 00:00:00,,Workforce,Employee Relations,Employee Administration,Employee Relations
EMP0439,Employee_439,IT,Assistant,Policy Violation,2025-07-14,Open,Positive,None,,,Workforce,Employee Relations,Employee Administration,Employee Relations
EMP0440,Employee_440,IT,Manager,Harassment,2024-11-08,Escalated,Positive,Warning,2024-11-10 00:00:00,,Workforce,Employee Relations,Employee Administration,Employee Relations
EMP0441,Employee_441,Operations,Executive,Compensation Dispute,2025-07-02,Open,Negative,Training,,,Workforce,Employee Relations,Employee Administration,Employee Relations
EMP0442,Employee_442,IT,Assistant,Other,2025-06-03,Escalated,Neutral,Mediation,2025-06-13 00:00:00,,Workforce,Employee Relations,Employee Administration,Employee Relations
EMP0443,Employee_443,Operations,Analyst,Compensation Dispute,2025-05-10,Open,Positive,Warning,,,Workforce,Employee Relations,Employee Administration,Employee Relations
EMP0444,Employee_444,Marketing,Engineer,Policy Violation,2025-10-12,Open,Neutral,Mediation,,,Workforce,Employee Relations,Employee Administration,Employee Relations
EMP0445,Employee_445,Operations,Consultant,Harassment,2025-05-07,Resolved,Positive,Warning,2025-06-04 00:00:00,,Workforce,Employee Relations,Employee Administration,Employee Relations
EMP0446,Employee_446,Sales,Engineer,Workplace Conflict,2025-08-22,Resolved,Positive,Training,2025-09-02 00:00:00,,Workforce,Employee Relations,Employee Administration,Employee Relations
EMP0447,Employee_447,Operations,Executive,Policy Violation,2025-09-14,Resolved,Negative,Mediation,2025-09-20 00:00:00,,Workforce,Employee Relations,Employee Administration,Employee Relations
EMP0448,Employee_448,HR,Analyst,Policy Violation,2025-05-05,Escalated,Positive,None,2025-05-11 00:00:00,,Workforce,Employee Relations,Employee Administration,Employee Relations
EMP0449,Employee_449,Sales,Executive,Workplace Conflict,2025-07-28,Open,Positive,None,,,Workforce,Employee Relations,Employee Administration,Employee Relations
EMP0450,Employee_450,Operations,Analyst,Compensation Dispute,2025-10-14,In Progress,Neutral,Mediation,,,Workforce,Employee Relations,Employee Administration,Employee Relations
EMP0451,Employee_451,Operations,Manager,Workplace Conflict,2024-11-26,Open,Positive,Warning,,,Workforce,Employee Relations,Employee Administration,Employee Relations
EMP0452,Employee_452,HR,Assistant,Compensation Dispute,2025-08-31,Resolved,Positive,None,2025-09-05 00:00:00,,Workforce,Employee Relations,Employee Administration,Employee Relations
EMP0453,Employee_453,Sales,Manager,Harassment,2024-10-20,Open,Positive,Counseling,,,Workforce,Employee Relations,Employee Administration,Employee Relations
EMP0454,Employee_454,Marketing,Assistant,Compensation Dispute,2024-11-03,Escalated,Positive,Counseling,2024-11-21 00:00:00,,Workforce,Employee Relations,Employee Administration,Employee Relations
EMP0455,Employee_455,Marketing,Analyst,Harassment,2025-01-15,In Progress,Positive,Mediation,,,Workforce,Employee Relations,Employee Administration,Employee Relations
EMP0456,Employee_456,IT,Manager,Other,2024-12-11,Open,Positive,Counseling,,,Workforce,Employee Relations,Employee Administration,Employee Relations
EMP0457,Employee_457,Marketing,Manager,Other,2025-07-21,Resolved,Neutral,Training,2025-07-31 00:00:00,,Workforce,Employee Relations,Employee Administration,Employee Relations
EMP0458,Employee_458,Operations,Assistant,Harassment,2025-06-15,Resolved,Positive,Training,2025-07-04 00:00:00,,Workforce,Employee Relations,Employee Administration,Employee Relations
EMP0459,Employee_459,Marketing,Manager,Workplace Conflict,2025-08-07,Resolved,Neutral,Mediation,2025-08-27 00:00:00,,Workforce,Employee Relations,Employee Administration,Employee Relations
EMP0460,Employee_460,Sales,Manager,Other,2024-10-25,In Progress,Positive,Mediation,,,Workforce,Employee Relations,Employee Administration,Employee Relations
EMP0461,Employee_461,Finance,Assistant,Other,2025-04-12,Resolved,Positive,Mediation,2025-04-19 00:00:00,,Workforce,Employee Relations,Employee Administration,Employee Relations
EMP0462,Employee_462,Finance,Executive,Workplace Conflict,2025-09-12,In Progress,Positive,Counseling,,,Workforce,Employee Relations,Employee Administration,Employee Relations
EMP0463,Employee_463,IT,Engineer,Harassment,2025-07-13,Resolved,Negative,Training,2025-07-26 00:00:00,,Workforce,Employee Relations,Employee Administration,Employee Relations
EMP0464,Employee_464,Finance,Executive,Policy Violation,2025-05-29,Open,Neutral,Mediation,,,Workforce,Employee Relations,Employee Administration,Employee Relations
EMP0465,Employee_465,Marketing,Manager,Workplace Conflict,2025-03-01,In Progress,Neutral,Mediation,,,Workforce,Employee Relations,Employee Administration,Employee Relations
EMP0466,Employee_466,Finance,Analyst,Policy Violation,2025-04-30,Open,Neutral,Warning,,,Workforce,Employee Relations,Employee Administration,Employee Relations
EMP0467,Employee_467,Marketing,Analyst,Workplace Conflict,2025-09-14,Resolved,Positive,Counseling,2025-10-12 00:00:00,,Workforce,Employee Relations,Employee Administration,Employee Relations
EMP0468,Employee_468,Operations,Engineer,Other,2024-12-20,Escalated,Negative,Training,2025-01-14 00:00:00,,Workforce,Employee Relations,Employee Administration,Employee Relations
EMP0469,Employee_469,Sales,Assistant,Workplace Conflict,2025-02-03,Open,Positive,None,,,Workforce,Employee Relations,Employee Administration,Employee Relations
EMP0470,Employee_470,Finance,Assistant,Policy Violation,2025-07-09,Escalated,Negative,Training,2025-07-14 00:00:00,,Workforce,Employee Relations,Employee Administration,Employee Relations
EMP0471,Employee_471,Finance,Executive,Policy Violation,2025-05-29,Escalated,Negative,Warning,2025-06-03 00:00:00,,Workforce,Employee Relations,Employee Administration,Employee Relations
EMP0472,Employee_472,IT,Engineer,Compensation Dispute,2025-05-09,Resolved,Neutral,Warning,2025-05-11 00:00:00,,Workforce,Employee Relations,Employee Administration,Employee Relations
EMP0473,Employee_473,HR,Engineer,Workplace Conflict,2025-10-12,Resolved,Positive,None,2025-10-17 00:00:00,,Workforce,Employee Relations,Employee Administration,Employee Relations
EMP0474,Employee_474,IT,Engineer,Harassment,2025-01-02,In Progress,Positive,Mediation,,,Workforce,Employee Relations,Employee Administration,Employee Relations
EMP0475,Employee_475,Sales,Analyst,Workplace Conflict,2025-02-10,Escalated,Positive,Mediation,2025-03-12 00:00:00,,Workforce,Employee Relations,Employee Administration,Employee Relations
EMP0476,Employee_476,IT,Consultant,Harassment,2024-12-01,Escalated,Neutral,None,2024-12-23 00:00:00,,Workforce,Employee Relations,Employee Administration,Employee Relations
EMP0477,Employee_477,Marketing,Analyst,Harassment,2025-05-20,In Progress,Neutral,Training,,,Workforce,Employee Relations,Employee Administration,Employee Relations
EMP0478,Employee_478,HR,Manager,Other,2025-03-04,In Progress,Positive,Counseling,,,Workforce,Employee Relations,Employee Administration,Employee Relations
EMP0479,Employee_479,Finance,Analyst,Workplace Conflict,2025-10-06,In Progress,Positive,None,,,Workforce,Employee Relations,Employee Administration,Employee Relations
EMP0480,Employee_480,Marketing,Assistant,Other,2025-04-06,Escalated,Neutral,Warning,2025-05-02 00:00:00,,Workforce,Employee Relations,Employee Administration,Employee Relations
EMP0481,Employee_481,HR,Analyst,Harassment,2025-07-11,Escalated,Neutral,Counseling,2025-08-09 00:00:00,,Workforce,Employee Relations,Employee Administration,Employee Relations
EMP0482,Employee_482,Finance,Assistant,Other,2024-12-19,Escalated,Neutral,Counseling,2025-01-09 00:00:00,,Workforce,Employee Relations,Employee Administration,Employee Relations
EMP0483,Employee_483,Marketing,Consultant,Compensation Dispute,2025-02-14,Escalated,Negative,Counseling,2025-03-10 00:00:00,,Workforce,Employee Relations,Employee Administration,Employee Relations
EMP0484,Employee_484,Operations,Manager,Other,2025-06-06,Escalated,Negative,Training,2025-06-14 00:00:00,,Workforce,Employee Relations,Employee Administration,Employee Relations
EMP0485,Employee_485,IT,Executive,Workplace Conflict,2025-09-06,Resolved,Neutral,Warning,2025-10-03 00:00:00,,Workforce,Employee Relations,Employee Administration,Employee Relations
EMP0486,Employee_486,Marketing,Engineer,Other,2024-12-09,Escalated,Positive,Training,2025-01-06 00:00:00,,Workforce,Employee Relations,Employee Administration,Employee Relations
EMP0487,Employee_487,Operations,Analyst,Other,2025-04-26,In Progress,Neutral,Mediation,,,Workforce,Employee Relations,Employee Administration,Employee Relations
EMP0488,Employee_488,Operations,Engineer,Harassment,2025-05-17,Open,Positive,Mediation,,,Workforce,Employee Relations,Employee Administration,Employee Relations
EMP0489,Employee_489,Marketing,Analyst,Compensation Dispute,2025-02-26,Resolved,Positive,Warning,2025-03-17 00:00:00,,Workforce,Employee Relations,Employee Administration,Employee Relations
EMP0490,Employee_490,IT,Executive,Workplace Conflict,2025-05-03,Escalated,Negative,None,2025-05-22 00:00:00,,Workforce,Employee Relations,Employee Administration,Employee Relations
EMP0491,Employee_491,Sales,Engineer,Compensation Dispute,2024-12-28,Resolved,Neutral,Counseling,2025-01-18 00:00:00,,Workforce,Employee Relations,Employee Administration,Employee Relations
EMP0492,Employee_492,Operations,Manager,Other,2025-09-05,Escalated,Positive,None,2025-09-15 00:00:00,,Workforce,Employee Relations,Employee Administration,Employee Relations
EMP0493,Employee_493,Marketing,Assistant,Compensation Dispute,2025-03-23,Open,Negative,Training,,,Workforce,Employee Relations,Employee Administration,Employee Relations
EMP0494,Employee_494,Marketing,Engineer,Harassment,2025-06-07,In Progress,Neutral,None,,,Workforce,Employee Relations,Employee Administration,Employee Relations
EMP0495,Employee_495,HR,Executive,Compensation Dispute,2025-08-26,Resolved,Negative,Warning,2025-09-17 00:00:00,,Workforce,Employee Relations,Employee Administration,Employee Relations
EMP0496,Employee_496,IT,Manager,Policy Violation,2025-06-02,Open,Negative,Training,,,Workforce,Employee Relations,Employee Administration,Employee Relations
EMP0497,Employee_497,Sales,Consultant,Workplace Conflict,2024-11-10,Open,Positive,Warning,,,Workforce,Employee Relations,Employee Administration,Employee Relations
EMP0498,Employee_498,IT,Manager,Workplace Conflict,2024-10-30,Escalated,Neutral,Training,2024-11-18 00:00:00,,Workforce,Employee Relations,Employee Administration,Employee Relations
EMP0499,Employee_499,Operations,Manager,Compensation Dispute,2024-11-07,Escalated,Positive,Training,2024-11-09 00:00:00,,Workforce,Employee Relations,Employee Administration,Employee Relations
EMP0500,Employee_500,Sales,Assistant,Policy Violation,2025-08-17,Open,Positive,Training,,,Workforce,Employee Relations,Employee Administration,Employee Relations
