Employee_ID,Employee_Name,Department,Job_Role,Exit_Date,Notice_Period_Days,Exit_Reason,Exit_Interview_Date,Exit_Interview_Outcome,Asset_Return_Status,Knowledge_Transfer_Status,Final_Settlement_Status,Feedback_Notes,Data_Segment,Value_Domain,Data_Domain,Data_Value
EMP0001,Employee_1,Operations,Assistant,2025-02-22,30,End of Contract,2025-02-17,Negative,Pending,Completed,Processed,,Workforce,Offboarding & Exit Process,Exit Management,Employee Exit Management
EMP0002,Employee_2,Sales,Assistant,2025-02-24,60,Termination,2025-02-20,Neutral,Completed,Not Applicable,On Hold,,Workforce,Offboarding & Exit Process,Exit Management,Employee Exit Management
EMP0003,Employee_3,HR,Analyst,2024-11-03,45,Resignation,2024-11-03,Positive,Completed,In Progress,Pending,,Workforce,Offboarding & Exit Process,Exit Management,Employee Exit Management
EMP0004,Employee_4,IT,Analyst,2025-07-29,60,Termination,2025-07-28,Negative,Completed,Completed,Pending,,Workforce,Offboarding & Exit Process,Exit Management,Employee Exit Management
EMP0005,Employee_5,Operations,Executive,2024-10-29,90,Termination,2024-10-25,Positive,Not Applicable,In Progress,On Hold,,Workforce,Offboarding & Exit Process,Exit Management,Employee Exit Management
EMP0006,Employee_6,IT,Manager,2025-07-24,45,Mutual Separation,2025-07-22,Positive,Pending,In Progress,Processed,,Workforce,Offboarding & Exit Process,Exit Management,Employee Exit Management
EMP0007,Employee_7,HR,Consultant,2024-11-15,60,Retirement,2024-11-08,Positive,Completed,Not Applicable,On Hold,,Workforce,Offboarding & Exit Process,Exit Management,Employee Exit Management
EMP0008,Employee_8,IT,Engineer,2024-12-25,60,Termination,2024-12-24,Negative,Not Applicable,Not Applicable,Pending,,Workforce,Offboarding & Exit Process,Exit Management,Employee Exit Management
EMP0009,Employee_9,HR,Analyst,2024-12-16,45,Retirement,2024-12-11,Negative,Not Applicable,Not Applicable,Pending,,Workforce,Offboarding & Exit Process,Exit Management,Employee Exit Management
EMP0010,Employee_10,Sales,Executive,2025-06-07,90,End of Contract,2025-06-07,Neutral,Pending,Not Applicable,Pending,,Workforce,Offboarding & Exit Process,Exit Management,Employee Exit Management
EMP0011,Employee_11,Marketing,Analyst,2025-10-03,90,Termination,2025-10-03,Positive,Not Applicable,Not Applicable,On Hold,,Workforce,Offboarding & Exit Process,Exit Management,Employee Exit Management
EMP0012,Employee_12,IT,Assistant,2025-02-17,60,Resignation,2025-02-15,Neutral,Pending,In Progress,On Hold,,Workforce,Offboarding & Exit Process,Exit Management,Employee Exit Management
EMP0013,Employee_13,Sales,Consultant,2025-06-05,60,Mutual Separation,2025-06-04,Neutral,Completed,Not Applicable,Processed,,Workforce,Offboarding & Exit Process,Exit Management,Employee Exit Management
EMP0014,Employee_14,Finance,Executive,2025-10-11,90,Termination,2025-10-04,Neutral,Completed,Completed,Pending,,Workforce,Offboarding & Exit Process,Exit Management,Employee Exit Management
EMP0015,Employee_15,IT,Consultant,2025-03-05,60,Resignation,2025-03-01,Neutral,Pending,Completed,On Hold,,Workforce,Offboarding & Exit Process,Exit Management,Employee Exit Management
EMP0016,Employee_16,HR,Assistant,2024-10-22,60,Retirement,2024-10-19,Neutral,Completed,Not Applicable,Processed,,Workforce,Offboarding & Exit Process,Exit Management,Employee Exit Management
EMP0017,Employee_17,Marketing,Analyst,2025-03-24,90,Termination,2025-03-21,Neutral,Completed,Completed,On Hold,,Workforce,Offboarding & Exit Process,Exit Management,Employee Exit Management
EMP0018,Employee_18,Marketing,Engineer,2025-01-19,45,End of Contract,2025-01-17,Negative,Pending,Not Applicable,On Hold,,Workforce,Offboarding & Exit Process,Exit Management,Employee Exit Management
EMP0019,Employee_19,Marketing,Assistant,2025-02-06,90,Termination,2025-02-02,Neutral,Pending,Not Applicable,On Hold,,Workforce,Offboarding & Exit Process,Exit Management,Employee Exit Management
EMP0020,Employee_20,Sales,Assistant,2025-10-14,60,Mutual Separation,2025-10-10,Negative,Not Applicable,Not Applicable,Processed,,Workforce,Offboarding & Exit Process,Exit Management,Employee Exit Management
EMP0021,Employee_21,HR,Executive,2024-12-13,30,End of Contract,2024-12-08,Negative,Completed,In Progress,Pending,,Workforce,Offboarding & Exit Process,Exit Management,Employee Exit Management
EMP0022,Employee_22,Sales,Executive,2025-10-10,90,Termination,2025-10-07,Positive,Not Applicable,Not Applicable,Pending,,Workforce,Offboarding & Exit Process,Exit Management,Employee Exit Management
EMP0023,Employee_23,Operations,Consultant,2025-08-24,45,Resignation,2025-08-18,Negative,Completed,Completed,On Hold,,Workforce,Offboarding & Exit Process,Exit Management,Employee Exit Management
EMP0024,Employee_24,HR,Executive,2024-11-06,30,Mutual Separation,2024-11-05,Positive,Pending,Completed,Pending,,Workforce,Offboarding & Exit Process,Exit Management,Employee Exit Management
EMP0025,Employee_25,IT,Assistant,2025-01-10,90,Resignation,2025-01-08,Neutral,Pending,In Progress,On Hold,,Workforce,Offboarding & Exit Process,Exit Management,Employee Exit Management
EMP0026,Employee_26,Finance,Analyst,2025-09-28,60,Retirement,2025-09-26,Positive,Completed,Not Applicable,On Hold,,Workforce,Offboarding & Exit Process,Exit Management,Employee Exit Management
EMP0027,Employee_27,Finance,Manager,2025-04-14,30,Termination,2025-04-08,Positive,Pending,Not Applicable,Processed,,Workforce,Offboarding & Exit Process,Exit Management,Employee Exit Management
EMP0028,Employee_28,Operations,Manager,2025-04-15,60,Termination,2025-04-13,Neutral,Completed,In Progress,On Hold,,Workforce,Offboarding & Exit Process,Exit Management,Employee Exit Management
EMP0029,Employee_29,IT,Engineer,2025-07-27,45,Termination,2025-07-24,Neutral,Not Applicable,In Progress,On Hold,,Workforce,Offboarding & Exit Process,Exit Management,Employee Exit Management
EMP0030,Employee_30,Finance,Assistant,2025-05-30,90,Retirement,2025-05-27,Positive,Completed,In Progress,Processed,,Workforce,Offboarding & Exit Process,Exit Management,Employee Exit Management
EMP0031,Employee_31,Sales,Manager,2025-01-28,45,End of Contract,2025-01-26,Neutral,Completed,Not Applicable,Processed,,Workforce,Offboarding & Exit Process,Exit Management,Employee Exit Management
EMP0032,Employee_32,IT,Consultant,2025-05-11,30,Resignation,2025-05-11,Positive,Pending,In Progress,On Hold,,Workforce,Offboarding & Exit Process,Exit Management,Employee Exit Management
EMP0033,Employee_33,IT,Executive,2025-08-09,60,End of Contract,2025-08-06,Neutral,Completed,Not Applicable,On Hold,,Workforce,Offboarding & Exit Process,Exit Management,Employee Exit Management
EMP0034,Employee_34,Operations,Consultant,2025-01-01,45,Termination,2025-01-01,Negative,Pending,In Progress,Pending,,Workforce,Offboarding & Exit Process,Exit Management,Employee Exit Management
EMP0035,Employee_35,IT,Consultant,2025-04-26,60,Retirement,2025-04-25,Neutral,Completed,In Progress,On Hold,,Workforce,Offboarding & Exit Process,Exit Management,Employee Exit Management
EMP0036,Employee_36,Operations,Executive,2025-06-12,45,Mutual Separation,2025-06-09,Negative,Not Applicable,Completed,Processed,,Workforce,Offboarding & Exit Process,Exit Management,Employee Exit Management
EMP0037,Employee_37,Operations,Executive,2025-02-05,60,Retirement,2025-01-29,Neutral,Completed,Not Applicable,Processed,,Workforce,Offboarding & Exit Process,Exit Management,Employee Exit Management
EMP0038,Employee_38,Finance,Consultant,2025-06-30,30,Mutual Separation,2025-06-27,Neutral,Not Applicable,Completed,Processed,,Workforce,Offboarding & Exit Process,Exit Management,Employee Exit Management
EMP0039,Employee_39,Marketing,Assistant,2025-09-14,60,Resignation,2025-09-07,Positive,Pending,Completed,On Hold,,Workforce,Offboarding & Exit Process,Exit Management,Employee Exit Management
EMP0040,Employee_40,Marketing,Analyst,2025-03-05,60,Resignation,2025-02-27,Negative,Completed,Not Applicable,Processed,,Workforce,Offboarding & Exit Process,Exit Management,Employee Exit Management
EMP0041,Employee_41,Sales,Consultant,2024-12-23,60,Termination,2024-12-21,Positive,Pending,Completed,Pending,,Workforce,Offboarding & Exit Process,Exit Management,Employee Exit Management
EMP0042,Employee_42,Sales,Assistant,2025-04-29,90,Retirement,2025-04-28,Neutral,Completed,Not Applicable,Pending,,Workforce,Offboarding & Exit Process,Exit Management,Employee Exit Management
EMP0043,Employee_43,Finance,Consultant,2025-07-08,30,Termination,2025-07-05,Negative,Completed,In Progress,Pending,,Workforce,Offboarding & Exit Process,Exit Management,Employee Exit Management
EMP0044,Employee_44,Operations,Assistant,2025-08-30,60,End of Contract,2025-08-28,Negative,Not Applicable,In Progress,Pending,,Workforce,Offboarding & Exit Process,Exit Management,Employee Exit Management
EMP0045,Employee_45,IT,Manager,2025-02-04,45,Termination,2025-02-03,Positive,Pending,In Progress,Processed,,Workforce,Offboarding & Exit Process,Exit Management,Employee Exit Management
EMP0046,Employee_46,HR,Manager,2025-10-10,45,Mutual Separation,2025-10-03,Positive,Not Applicable,In Progress,Processed,,Workforce,Offboarding & Exit Process,Exit Management,Employee Exit Management
EMP0047,Employee_47,Sales,Executive,2024-12-21,90,Termination,2024-12-21,Positive,Not Applicable,Not Applicable,Processed,,Workforce,Offboarding & Exit Process,Exit Management,Employee Exit Management
EMP0048,Employee_48,HR,Executive,2025-04-29,45,Mutual Separation,2025-04-22,Positive,Not Applicable,Completed,On Hold,,Workforce,Offboarding & Exit Process,Exit Management,Employee Exit Management
EMP0049,Employee_49,Marketing,Engineer,2025-05-04,90,Resignation,2025-04-30,Neutral,Not Applicable,Not Applicable,Pending,,Workforce,Offboarding & Exit Process,Exit Management,Employee Exit Management
EMP0050,Employee_50,IT,Engineer,2025-02-12,30,Retirement,2025-02-05,Negative,Not Applicable,In Progress,Pending,,Workforce,Offboarding & Exit Process,Exit Management,Employee Exit Management
EMP0051,Employee_51,HR,Analyst,2025-02-20,30,Termination,2025-02-13,Positive,Completed,Completed,Processed,,Workforce,Offboarding & Exit Process,Exit Management,Employee Exit Management
EMP0052,Employee_52,Operations,Analyst,2025-05-19,90,Mutual Separation,2025-05-14,Negative,Not Applicable,Completed,On Hold,,Workforce,Offboarding & Exit Process,Exit Management,Employee Exit Management
EMP0053,Employee_53,Finance,Consultant,2025-05-09,60,Retirement,2025-05-06,Negative,Not Applicable,In Progress,On Hold,,Workforce,Offboarding & Exit Process,Exit Management,Employee Exit Management
EMP0054,Employee_54,Marketing,Analyst,2024-10-17,45,Retirement,2024-10-14,Positive,Pending,Not Applicable,On Hold,,Workforce,Offboarding & Exit Process,Exit Management,Employee Exit Management
EMP0055,Employee_55,Marketing,Consultant,2025-05-29,45,Mutual Separation,2025-05-28,Negative,Completed,Completed,On Hold,,Workforce,Offboarding & Exit Process,Exit Management,Employee Exit Management
EMP0056,Employee_56,HR,Manager,2025-06-11,90,Termination,2025-06-07,Positive,Not Applicable,In Progress,Pending,,Workforce,Offboarding & Exit Process,Exit Management,Employee Exit Management
EMP0057,Employee_57,Operations,Engineer,2025-02-08,90,Mutual Separation,2025-02-05,Positive,Completed,Completed,Pending,,Workforce,Offboarding & Exit Process,Exit Management,Employee Exit Management
EMP0058,Employee_58,HR,Assistant,2025-08-15,30,End of Contract,2025-08-10,Negative,Completed,In Progress,On Hold,,Workforce,Offboarding & Exit Process,Exit Management,Employee Exit Management
EMP0059,Employee_59,Sales,Consultant,2024-12-09,45,Resignation,2024-12-03,Neutral,Not Applicable,In Progress,Pending,,Workforce,Offboarding & Exit Process,Exit Management,Employee Exit Management
EMP0060,Employee_60,Finance,Executive,2025-01-11,30,Retirement,2025-01-07,Negative,Pending,Not Applicable,Processed,,Workforce,Offboarding & Exit Process,Exit Management,Employee Exit Management
EMP0061,Employee_61,Finance,Executive,2025-07-31,30,Termination,2025-07-28,Negative,Pending,Completed,Processed,,Workforce,Offboarding & Exit Process,Exit Management,Employee Exit Management
EMP0062,Employee_62,Operations,Assistant,2025-08-26,90,Retirement,2025-08-22,Neutral,Not Applicable,In Progress,Pending,,Workforce,Offboarding & Exit Process,Exit Management,Employee Exit Management
EMP0063,Employee_63,Sales,Consultant,2025-09-12,60,Mutual Separation,2025-09-11,Neutral,Completed,Completed,Processed,,Workforce,Offboarding & Exit Process,Exit Management,Employee Exit Management
EMP0064,Employee_64,Operations,Executive,2025-01-14,60,Mutual Separation,2025-01-08,Positive,Not Applicable,Not Applicable,On Hold,,Workforce,Offboarding & Exit Process,Exit Management,Employee Exit Management
EMP0065,Employee_65,IT,Analyst,2025-07-02,60,End of Contract,2025-06-30,Positive,Completed,In Progress,On Hold,,Workforce,Offboarding & Exit Process,Exit Management,Employee Exit Management
EMP0066,Employee_66,IT,Manager,2025-08-14,60,End of Contract,2025-08-10,Negative,Pending,Not Applicable,Pending,,Workforce,Offboarding & Exit Process,Exit Management,Employee Exit Management
EMP0067,Employee_67,Finance,Consultant,2025-10-11,45,End of Contract,2025-10-10,Positive,Pending,In Progress,On Hold,,Workforce,Offboarding & Exit Process,Exit Management,Employee Exit Management
EMP0068,Employee_68,HR,Assistant,2025-10-07,90,End of Contract,2025-10-04,Neutral,Pending,Completed,Pending,,Workforce,Offboarding & Exit Process,Exit Management,Employee Exit Management
EMP0069,Employee_69,Sales,Executive,2025-06-26,30,Resignation,2025-06-24,Neutral,Pending,In Progress,Processed,,Workforce,Offboarding & Exit Process,Exit Management,Employee Exit Management
EMP0070,Employee_70,Marketing,Engineer,2025-03-23,45,Resignation,2025-03-20,Neutral,Completed,Not Applicable,Pending,,Workforce,Offboarding & Exit Process,Exit Management,Employee Exit Management
EMP0071,Employee_71,Sales,Assistant,2025-05-05,60,Termination,2025-05-01,Negative,Pending,Not Applicable,Processed,,Workforce,Offboarding & Exit Process,Exit Management,Employee Exit Management
EMP0072,Employee_72,Marketing,Executive,2025-04-16,60,End of Contract,2025-04-16,Positive,Completed,Completed,On Hold,,Workforce,Offboarding & Exit Process,Exit Management,Employee Exit Management
EMP0073,Employee_73,IT,Assistant,2025-07-06,30,Mutual Separation,2025-06-30,Negative,Pending,Completed,Processed,,Workforce,Offboarding & Exit Process,Exit Management,Employee Exit Management
EMP0074,Employee_74,IT,Executive,2025-01-06,60,Termination,2024-12-31,Negative,Completed,Completed,On Hold,,Workforce,Offboarding & Exit Process,Exit Management,Employee Exit Management
EMP0075,Employee_75,HR,Consultant,2025-09-29,30,Retirement,2025-09-24,Negative,Completed,In Progress,Processed,,Workforce,Offboarding & Exit Process,Exit Management,Employee Exit Management
EMP0076,Employee_76,Sales,Manager,2025-04-14,45,Resignation,2025-04-08,Positive,Not Applicable,Not Applicable,On Hold,,Workforce,Offboarding & Exit Process,Exit Management,Employee Exit Management
EMP0077,Employee_77,Finance,Analyst,2025-05-17,90,Resignation,2025-05-11,Negative,Pending,Not Applicable,On Hold,,Workforce,Offboarding & Exit Process,Exit Management,Employee Exit Management
EMP0078,Employee_78,HR,Analyst,2025-10-04,90,End of Contract,2025-09-30,Negative,Pending,Not Applicable,On Hold,,Workforce,Offboarding & Exit Process,Exit Management,Employee Exit Management
EMP0079,Employee_79,Finance,Analyst,2025-05-07,30,Mutual Separation,2025-05-02,Negative,Completed,In Progress,On Hold,,Workforce,Offboarding & Exit Process,Exit Management,Employee Exit Management
EMP0080,Employee_80,IT,Consultant,2024-11-18,30,Mutual Separation,2024-11-12,Negative,Pending,Completed,Processed,,Workforce,Offboarding & Exit Process,Exit Management,Employee Exit Management
EMP0081,Employee_81,Marketing,Manager,2024-11-06,90,Retirement,2024-10-31,Negative,Not Applicable,Completed,On Hold,,Workforce,Offboarding & Exit Process,Exit Management,Employee Exit Management
EMP0082,Employee_82,Finance,Analyst,2025-09-06,90,Retirement,2025-08-30,Negative,Pending,In Progress,Processed,,Workforce,Offboarding & Exit Process,Exit Management,Employee Exit Management
EMP0083,Employee_83,Finance,Engineer,2025-06-06,60,Retirement,2025-06-02,Negative,Completed,In Progress,Processed,,Workforce,Offboarding & Exit Process,Exit Management,Employee Exit Management
EMP0084,Employee_84,HR,Analyst,2025-03-02,90,End of Contract,2025-02-24,Neutral,Pending,Completed,Processed,,Workforce,Offboarding & Exit Process,Exit Management,Employee Exit Management
EMP0085,Employee_85,Marketing,Engineer,2024-11-08,30,Termination,2024-11-03,Positive,Not Applicable,Not Applicable,Pending,,Workforce,Offboarding & Exit Process,Exit Management,Employee Exit Management
EMP0086,Employee_86,Finance,Analyst,2025-05-10,60,Retirement,2025-05-09,Positive,Completed,Not Applicable,On Hold,,Workforce,Offboarding & Exit Process,Exit Management,Employee Exit Management
EMP0087,Employee_87,HR,Manager,2024-11-15,60,End of Contract,2024-11-08,Negative,Completed,In Progress,On Hold,,Workforce,Offboarding & Exit Process,Exit Management,Employee Exit Management
EMP0088,Employee_88,HR,Assistant,2025-06-08,30,Retirement,2025-06-04,Negative,Pending,Not Applicable,Pending,,Workforce,Offboarding & Exit Process,Exit Management,Employee Exit Management
EMP0089,Employee_89,Finance,Consultant,2025-04-13,60,Resignation,2025-04-12,Negative,Pending,Completed,On Hold,,Workforce,Offboarding & Exit Process,Exit Management,Employee Exit Management
EMP0090,Employee_90,IT,Manager,2025-03-02,90,Retirement,2025-02-23,Positive,Pending,Not Applicable,Processed,,Workforce,Offboarding & Exit Process,Exit Management,Employee Exit Management
EMP0091,Employee_91,HR,Engineer,2025-07-28,45,Termination,2025-07-21,Negative,Pending,Completed,On Hold,,Workforce,Offboarding & Exit Process,Exit Management,Employee Exit Management
EMP0092,Employee_92,Marketing,Engineer,2025-08-31,45,Termination,2025-08-29,Negative,Completed,Completed,On Hold,,Workforce,Offboarding & Exit Process,Exit Management,Employee Exit Management
EMP0093,Employee_93,Sales,Analyst,2024-12-17,45,End of Contract,2024-12-12,Neutral,Pending,In Progress,On Hold,,Workforce,Offboarding & Exit Process,Exit Management,Employee Exit Management
EMP0094,Employee_94,IT,Consultant,2025-03-27,90,Termination,2025-03-21,Neutral,Completed,Completed,Pending,,Workforce,Offboarding & Exit Process,Exit Management,Employee Exit Management
EMP0095,Employee_95,Operations,Executive,2025-04-09,30,Retirement,2025-04-08,Positive,Pending,Not Applicable,Processed,,Workforce,Offboarding & Exit Process,Exit Management,Employee Exit Management
EMP0096,Employee_96,HR,Analyst,2024-12-07,30,Retirement,2024-12-01,Positive,Not Applicable,Completed,Pending,,Workforce,Offboarding & Exit Process,Exit Management,Employee Exit Management
EMP0097,Employee_97,HR,Engineer,2025-01-30,30,Mutual Separation,2025-01-26,Neutral,Not Applicable,Not Applicable,Pending,,Workforce,Offboarding & Exit Process,Exit Management,Employee Exit Management
EMP0098,Employee_98,Sales,Engineer,2025-06-12,30,End of Contract,2025-06-11,Positive,Completed,In Progress,On Hold,,Workforce,Offboarding & Exit Process,Exit Management,Employee Exit Management
EMP0099,Employee_99,Finance,Engineer,2025-09-09,30,Mutual Separation,2025-09-02,Positive,Not Applicable,Not Applicable,Pending,,Workforce,Offboarding & Exit Process,Exit Management,Employee Exit Management
EMP0100,Employee_100,Operations,Engineer,2025-07-31,45,Resignation,2025-07-29,Neutral,Completed,Completed,Processed,,Workforce,Offboarding & Exit Process,Exit Management,Employee Exit Management
EMP0101,Employee_101,HR,Analyst,2025-08-24,30,Resignation,2025-08-19,Positive,Not Applicable,Not Applicable,Pending,,Workforce,Offboarding & Exit Process,Exit Management,Employee Exit Management
EMP0102,Employee_102,IT,Executive,2024-12-02,90,Resignation,2024-11-28,Neutral,Pending,Completed,On Hold,,Workforce,Offboarding & Exit Process,Exit Management,Employee Exit Management
EMP0103,Employee_103,Marketing,Consultant,2025-08-27,30,Termination,2025-08-25,Positive,Not Applicable,Not Applicable,On Hold,,Workforce,Offboarding & Exit Process,Exit Management,Employee Exit Management
EMP0104,Employee_104,Sales,Analyst,2025-02-14,45,Retirement,2025-02-11,Neutral,Completed,Completed,Pending,,Workforce,Offboarding & Exit Process,Exit Management,Employee Exit Management
EMP0105,Employee_105,IT,Manager,2025-09-17,90,Mutual Separation,2025-09-11,Positive,Not Applicable,Not Applicable,Pending,,Workforce,Offboarding & Exit Process,Exit Management,Employee Exit Management
EMP0106,Employee_106,IT,Assistant,2025-03-15,60,Mutual Separation,2025-03-11,Negative,Not Applicable,In Progress,On Hold,,Workforce,Offboarding & Exit Process,Exit Management,Employee Exit Management
EMP0107,Employee_107,Marketing,Assistant,2024-10-31,90,Retirement,2024-10-26,Negative,Completed,Completed,Pending,,Workforce,Offboarding & Exit Process,Exit Management,Employee Exit Management
EMP0108,Employee_108,IT,Manager,2024-11-16,45,Retirement,2024-11-14,Negative,Pending,Completed,Pending,,Workforce,Offboarding & Exit Process,Exit Management,Employee Exit Management
EMP0109,Employee_109,Marketing,Executive,2025-01-08,30,Termination,2025-01-06,Neutral,Pending,In Progress,Processed,,Workforce,Offboarding & Exit Process,Exit Management,Employee Exit Management
EMP0110,Employee_110,HR,Consultant,2025-03-11,30,Resignation,2025-03-07,Negative,Pending,Completed,On Hold,,Workforce,Offboarding & Exit Process,Exit Management,Employee Exit Management
EMP0111,Employee_111,Operations,Assistant,2025-08-23,60,Resignation,2025-08-22,Negative,Pending,Completed,Pending,,Workforce,Offboarding & Exit Process,Exit Management,Employee Exit Management
EMP0112,Employee_112,Sales,Manager,2025-02-27,45,Retirement,2025-02-25,Negative,Pending,Not Applicable,Processed,,Workforce,Offboarding & Exit Process,Exit Management,Employee Exit Management
EMP0113,Employee_113,Sales,Engineer,2025-03-04,30,End of Contract,2025-02-25,Negative,Pending,Not Applicable,On Hold,,Workforce,Offboarding & Exit Process,Exit Management,Employee Exit Management
EMP0114,Employee_114,HR,Engineer,2025-09-30,45,End of Contract,2025-09-23,Positive,Not Applicable,Not Applicable,Processed,,Workforce,Offboarding & Exit Process,Exit Management,Employee Exit Management
EMP0115,Employee_115,HR,Manager,2025-04-16,30,Resignation,2025-04-15,Positive,Pending,In Progress,Processed,,Workforce,Offboarding & Exit Process,Exit Management,Employee Exit Management
EMP0116,Employee_116,HR,Manager,2025-07-31,45,Resignation,2025-07-25,Neutral,Completed,Not Applicable,On Hold,,Workforce,Offboarding & Exit Process,Exit Management,Employee Exit Management
EMP0117,Employee_117,Marketing,Engineer,2024-12-10,60,Retirement,2024-12-03,Neutral,Completed,Not Applicable,On Hold,,Workforce,Offboarding & Exit Process,Exit Management,Employee Exit Management
EMP0118,Employee_118,Finance,Analyst,2025-07-08,90,Termination,2025-07-01,Neutral,Completed,In Progress,Pending,,Workforce,Offboarding & Exit Process,Exit Management,Employee Exit Management
EMP0119,Employee_119,Marketing,Executive,2024-12-24,30,Mutual Separation,2024-12-22,Neutral,Pending,In Progress,On Hold,,Workforce,Offboarding & Exit Process,Exit Management,Employee Exit Management
EMP0120,Employee_120,HR,Analyst,2025-02-12,45,End of Contract,2025-02-10,Negative,Not Applicable,In Progress,Pending,,Workforce,Offboarding & Exit Process,Exit Management,Employee Exit Management
EMP0121,Employee_121,Operations,Assistant,2025-03-22,90,Termination,2025-03-19,Neutral,Pending,Not Applicable,Processed,,Workforce,Offboarding & Exit Process,Exit Management,Employee Exit Management
EMP0122,Employee_122,Sales,Analyst,2025-09-04,90,Retirement,2025-08-30,Positive,Pending,In Progress,Processed,,Workforce,Offboarding & Exit Process,Exit Management,Employee Exit Management
EMP0123,Employee_123,Marketing,Engineer,2025-04-26,45,Mutual Separation,2025-04-25,Neutral,Not Applicable,Completed,Processed,,Workforce,Offboarding & Exit Process,Exit Management,Employee Exit Management
EMP0124,Employee_124,Sales,Engineer,2025-05-03,60,End of Contract,2025-04-28,Negative,Not Applicable,In Progress,Processed,,Workforce,Offboarding & Exit Process,Exit Management,Employee Exit Management
EMP0125,Employee_125,Marketing,Analyst,2025-03-26,90,Resignation,2025-03-24,Neutral,Not Applicable,Not Applicable,Processed,,Workforce,Offboarding & Exit Process,Exit Management,Employee Exit Management
EMP0126,Employee_126,Sales,Manager,2025-05-27,60,Resignation,2025-05-26,Positive,Not Applicable,Not Applicable,On Hold,,Workforce,Offboarding & Exit Process,Exit Management,Employee Exit Management
EMP0127,Employee_127,Sales,Consultant,2025-05-08,30,Retirement,2025-05-08,Neutral,Pending,Completed,Processed,,Workforce,Offboarding & Exit Process,Exit Management,Employee Exit Management
EMP0128,Employee_128,Sales,Consultant,2025-09-18,30,Mutual Separation,2025-09-18,Neutral,Not Applicable,In Progress,On Hold,,Workforce,Offboarding & Exit Process,Exit Management,Employee Exit Management
EMP0129,Employee_129,Finance,Executive,2025-09-22,90,Retirement,2025-09-21,Positive,Pending,Completed,On Hold,,Workforce,Offboarding & Exit Process,Exit Management,Employee Exit Management
EMP0130,Employee_130,Marketing,Executive,2025-05-24,45,Retirement,2025-05-17,Negative,Completed,In Progress,On Hold,,Workforce,Offboarding & Exit Process,Exit Management,Employee Exit Management
EMP0131,Employee_131,Operations,Consultant,2025-08-21,60,Mutual Separation,2025-08-16,Neutral,Pending,Completed,On Hold,,Workforce,Offboarding & Exit Process,Exit Management,Employee Exit Management
EMP0132,Employee_132,Operations,Consultant,2024-11-18,30,Termination,2024-11-13,Negative,Completed,Completed,Processed,,Workforce,Offboarding & Exit Process,Exit Management,Employee Exit Management
EMP0133,Employee_133,Sales,Executive,2024-11-27,60,Mutual Separation,2024-11-22,Neutral,Not Applicable,In Progress,Processed,,Workforce,Offboarding & Exit Process,Exit Management,Employee Exit Management
EMP0134,Employee_134,IT,Consultant,2024-11-10,45,Retirement,2024-11-08,Positive,Pending,Not Applicable,Pending,,Workforce,Offboarding & Exit Process,Exit Management,Employee Exit Management
EMP0135,Employee_135,Sales,Executive,2025-07-22,90,End of Contract,2025-07-17,Negative,Pending,Not Applicable,On Hold,,Workforce,Offboarding & Exit Process,Exit Management,Employee Exit Management
EMP0136,Employee_136,Marketing,Assistant,2025-03-27,45,Resignation,2025-03-22,Neutral,Not Applicable,Not Applicable,Processed,,Workforce,Offboarding & Exit Process,Exit Management,Employee Exit Management
EMP0137,Employee_137,Finance,Engineer,2025-01-23,60,End of Contract,2025-01-16,Negative,Completed,Not Applicable,Processed,,Workforce,Offboarding & Exit Process,Exit Management,Employee Exit Management
EMP0138,Employee_138,HR,Analyst,2025-09-18,60,Resignation,2025-09-18,Positive,Not Applicable,Completed,On Hold,,Workforce,Offboarding & Exit Process,Exit Management,Employee Exit Management
EMP0139,Employee_139,HR,Consultant,2025-10-08,45,Resignation,2025-10-08,Positive,Pending,Not Applicable,On Hold,,Workforce,Offboarding & Exit Process,Exit Management,Employee Exit Management
EMP0140,Employee_140,Finance,Assistant,2025-08-09,45,Mutual Separation,2025-08-05,Positive,Pending,In Progress,Pending,,Workforce,Offboarding & Exit Process,Exit Management,Employee Exit Management
EMP0141,Employee_141,Sales,Analyst,2025-07-16,45,Resignation,2025-07-14,Neutral,Completed,Not Applicable,Pending,,Workforce,Offboarding & Exit Process,Exit Management,Employee Exit Management
EMP0142,Employee_142,HR,Consultant,2024-11-20,60,End of Contract,2024-11-19,Neutral,Pending,Not Applicable,Pending,,Workforce,Offboarding & Exit Process,Exit Management,Employee Exit Management
EMP0143,Employee_143,HR,Manager,2025-06-26,45,End of Contract,2025-06-19,Positive,Completed,Completed,Pending,,Workforce,Offboarding & Exit Process,Exit Management,Employee Exit Management
EMP0144,Employee_144,HR,Assistant,2025-01-18,30,End of Contract,2025-01-15,Negative,Pending,Not Applicable,On Hold,,Workforce,Offboarding & Exit Process,Exit Management,Employee Exit Management
EMP0145,Employee_145,Marketing,Consultant,2024-10-21,60,Resignation,2024-10-17,Negative,Pending,Completed,Processed,,Workforce,Offboarding & Exit Process,Exit Management,Employee Exit Management
EMP0146,Employee_146,Marketing,Analyst,2025-09-07,45,Termination,2025-09-03,Positive,Completed,Not Applicable,Processed,,Workforce,Offboarding & Exit Process,Exit Management,Employee Exit Management
EMP0147,Employee_147,Marketing,Executive,2025-09-03,30,Resignation,2025-09-03,Negative,Pending,Completed,On Hold,,Workforce,Offboarding & Exit Process,Exit Management,Employee Exit Management
EMP0148,Employee_148,Sales,Assistant,2025-02-20,60,Retirement,2025-02-14,Positive,Not Applicable,Not Applicable,On Hold,,Workforce,Offboarding & Exit Process,Exit Management,Employee Exit Management
EMP0149,Employee_149,Sales,Manager,2025-07-16,30,Retirement,2025-07-11,Neutral,Completed,Completed,Processed,,Workforce,Offboarding & Exit Process,Exit Management,Employee Exit Management
EMP0150,Employee_150,Marketing,Assistant,2025-02-09,60,End of Contract,2025-02-03,Neutral,Pending,Not Applicable,Processed,,Workforce,Offboarding & Exit Process,Exit Management,Employee Exit Management
EMP0151,Employee_151,Operations,Manager,2025-05-14,45,Resignation,2025-05-08,Neutral,Not Applicable,Completed,Processed,,Workforce,Offboarding & Exit Process,Exit Management,Employee Exit Management
EMP0152,Employee_152,IT,Assistant,2025-09-08,45,Mutual Separation,2025-09-02,Positive,Pending,In Progress,On Hold,,Workforce,Offboarding & Exit Process,Exit Management,Employee Exit Management
EMP0153,Employee_153,Marketing,Executive,2025-03-09,30,Termination,2025-03-09,Negative,Pending,Completed,Pending,,Workforce,Offboarding & Exit Process,Exit Management,Employee Exit Management
EMP0154,Employee_154,Finance,Engineer,2025-02-10,60,Retirement,2025-02-07,Negative,Pending,Not Applicable,Pending,,Workforce,Offboarding & Exit Process,Exit Management,Employee Exit Management
EMP0155,Employee_155,Operations,Executive,2025-03-17,60,End of Contract,2025-03-17,Neutral,Completed,Completed,Processed,,Workforce,Offboarding & Exit Process,Exit Management,Employee Exit Management
EMP0156,Employee_156,Sales,Executive,2024-12-29,60,Resignation,2024-12-22,Negative,Pending,Not Applicable,Processed,,Workforce,Offboarding & Exit Process,Exit Management,Employee Exit Management
EMP0157,Employee_157,Marketing,Manager,2025-02-08,30,Termination,2025-02-01,Neutral,Pending,Completed,Pending,,Workforce,Offboarding & Exit Process,Exit Management,Employee Exit Management
EMP0158,Employee_158,Finance,Analyst,2025-02-21,60,Retirement,2025-02-19,Negative,Not Applicable,In Progress,Processed,,Workforce,Offboarding & Exit Process,Exit Management,Employee Exit Management
EMP0159,Employee_159,Finance,Consultant,2025-10-14,90,End of Contract,2025-10-08,Positive,Completed,In Progress,Pending,,Workforce,Offboarding & Exit Process,Exit Management,Employee Exit Management
EMP0160,Employee_160,HR,Consultant,2025-06-07,90,Mutual Separation,2025-06-02,Positive,Pending,Completed,Pending,,Workforce,Offboarding & Exit Process,Exit Management,Employee Exit Management
EMP0161,Employee_161,Marketing,Consultant,2024-11-01,30,End of Contract,2024-10-28,Neutral,Completed,Not Applicable,Processed,,Workforce,Offboarding & Exit Process,Exit Management,Employee Exit Management
EMP0162,Employee_162,Marketing,Analyst,2025-03-04,90,Resignation,2025-03-01,Negative,Pending,Not Applicable,Processed,,Workforce,Offboarding & Exit Process,Exit Management,Employee Exit Management
EMP0163,Employee_163,Finance,Manager,2024-10-28,45,Retirement,2024-10-24,Neutral,Completed,Completed,Processed,,Workforce,Offboarding & Exit Process,Exit Management,Employee Exit Management
EMP0164,Employee_164,HR,Analyst,2025-06-05,90,Resignation,2025-05-31,Negative,Pending,Completed,Pending,,Workforce,Offboarding & Exit Process,Exit Management,Employee Exit Management
EMP0165,Employee_165,Finance,Engineer,2025-01-22,45,Resignation,2025-01-22,Negative,Pending,In Progress,On Hold,,Workforce,Offboarding & Exit Process,Exit Management,Employee Exit Management
EMP0166,Employee_166,HR,Assistant,2025-05-02,60,Termination,2025-05-01,Positive,Completed,In Progress,Pending,,Workforce,Offboarding & Exit Process,Exit Management,Employee Exit Management
EMP0167,Employee_167,Marketing,Assistant,2025-02-04,45,Retirement,2025-01-28,Neutral,Pending,Completed,Processed,,Workforce,Offboarding & Exit Process,Exit Management,Employee Exit Management
EMP0168,Employee_168,Sales,Consultant,2024-12-09,90,Retirement,2024-12-07,Neutral,Not Applicable,Not Applicable,Processed,,Workforce,Offboarding & Exit Process,Exit Management,Employee Exit Management
EMP0169,Employee_169,IT,Consultant,2025-02-04,45,Mutual Separation,2025-02-03,Positive,Completed,Completed,Processed,,Workforce,Offboarding & Exit Process,Exit Management,Employee Exit Management
EMP0170,Employee_170,Marketing,Consultant,2025-02-27,60,Retirement,2025-02-20,Negative,Pending,In Progress,On Hold,,Workforce,Offboarding & Exit Process,Exit Management,Employee Exit Management
EMP0171,Employee_171,Marketing,Consultant,2025-04-24,45,Retirement,2025-04-19,Neutral,Not Applicable,In Progress,On Hold,,Workforce,Offboarding & Exit Process,Exit Management,Employee Exit Management
EMP0172,Employee_172,Marketing,Engineer,2025-08-04,30,Termination,2025-08-03,Positive,Not Applicable,Not Applicable,Pending,,Workforce,Offboarding & Exit Process,Exit Management,Employee Exit Management
EMP0173,Employee_173,Operations,Executive,2025-05-24,90,Mutual Separation,2025-05-17,Negative,Completed,Completed,Processed,,Workforce,Offboarding & Exit Process,Exit Management,Employee Exit Management
EMP0174,Employee_174,Operations,Consultant,2025-07-01,45,Mutual Separation,2025-06-25,Positive,Completed,Completed,On Hold,,Workforce,Offboarding & Exit Process,Exit Management,Employee Exit Management
EMP0175,Employee_175,HR,Consultant,2025-09-30,30,Resignation,2025-09-23,Negative,Not Applicable,Not Applicable,Processed,,Workforce,Offboarding & Exit Process,Exit Management,Employee Exit Management
EMP0176,Employee_176,Sales,Consultant,2025-05-24,45,Resignation,2025-05-23,Positive,Not Applicable,In Progress,On Hold,,Workforce,Offboarding & Exit Process,Exit Management,Employee Exit Management
EMP0177,Employee_177,HR,Analyst,2025-02-18,60,Resignation,2025-02-17,Positive,Completed,In Progress,Processed,,Workforce,Offboarding & Exit Process,Exit Management,Employee Exit Management
EMP0178,Employee_178,Finance,Analyst,2025-07-13,90,Retirement,2025-07-08,Neutral,Not Applicable,In Progress,On Hold,,Workforce,Offboarding & Exit Process,Exit Management,Employee Exit Management
EMP0179,Employee_179,Operations,Consultant,2025-02-20,45,Resignation,2025-02-19,Neutral,Completed,In Progress,On Hold,,Workforce,Offboarding & Exit Process,Exit Management,Employee Exit Management
EMP0180,Employee_180,Marketing,Assistant,2025-03-22,45,Retirement,2025-03-19,Positive,Pending,Completed,Processed,,Workforce,Offboarding & Exit Process,Exit Management,Employee Exit Management
EMP0181,Employee_181,IT,Manager,2024-10-22,90,Resignation,2024-10-17,Neutral,Pending,Completed,On Hold,,Workforce,Offboarding & Exit Process,Exit Management,Employee Exit Management
EMP0182,Employee_182,Sales,Consultant,2025-08-19,90,End of Contract,2025-08-15,Neutral,Pending,Not Applicable,Pending,,Workforce,Offboarding & Exit Process,Exit Management,Employee Exit Management
EMP0183,Employee_183,Sales,Consultant,2025-01-10,45,Termination,2025-01-05,Positive,Completed,In Progress,Pending,,Workforce,Offboarding & Exit Process,Exit Management,Employee Exit Management
EMP0184,Employee_184,IT,Consultant,2025-05-19,30,End of Contract,2025-05-12,Negative,Pending,In Progress,On Hold,,Workforce,Offboarding & Exit Process,Exit Management,Employee Exit Management
EMP0185,Employee_185,IT,Manager,2025-10-03,90,Termination,2025-10-03,Neutral,Pending,Completed,Processed,,Workforce,Offboarding & Exit Process,Exit Management,Employee Exit Management
EMP0186,Employee_186,Finance,Executive,2025-06-18,90,Retirement,2025-06-14,Negative,Completed,Completed,On Hold,,Workforce,Offboarding & Exit Process,Exit Management,Employee Exit Management
EMP0187,Employee_187,IT,Executive,2025-06-19,90,End of Contract,2025-06-15,Negative,Not Applicable,Completed,Pending,,Workforce,Offboarding & Exit Process,Exit Management,Employee Exit Management
EMP0188,Employee_188,Sales,Manager,2025-07-08,45,Mutual Separation,2025-07-05,Neutral,Pending,Completed,Pending,,Workforce,Offboarding & Exit Process,Exit Management,Employee Exit Management
EMP0189,Employee_189,Sales,Assistant,2025-02-26,45,Mutual Separation,2025-02-23,Neutral,Completed,Not Applicable,Pending,,Workforce,Offboarding & Exit Process,Exit Management,Employee Exit Management
EMP0190,Employee_190,Sales,Analyst,2025-02-10,90,Termination,2025-02-10,Neutral,Completed,Not Applicable,Pending,,Workforce,Offboarding & Exit Process,Exit Management,Employee Exit Management
EMP0191,Employee_191,Marketing,Manager,2025-08-25,60,Retirement,2025-08-18,Neutral,Completed,Not Applicable,Processed,,Workforce,Offboarding & Exit Process,Exit Management,Employee Exit Management
EMP0192,Employee_192,Marketing,Consultant,2025-03-10,30,Resignation,2025-03-10,Positive,Not Applicable,In Progress,Processed,,Workforce,Offboarding & Exit Process,Exit Management,Employee Exit Management
EMP0193,Employee_193,IT,Consultant,2025-07-05,60,Mutual Separation,2025-07-02,Neutral,Completed,Completed,Processed,,Workforce,Offboarding & Exit Process,Exit Management,Employee Exit Management
EMP0194,Employee_194,Finance,Manager,2025-05-05,45,Mutual Separation,2025-05-02,Positive,Pending,In Progress,Pending,,Workforce,Offboarding & Exit Process,Exit Management,Employee Exit Management
EMP0195,Employee_195,Operations,Manager,2025-03-10,90,Termination,2025-03-06,Positive,Completed,In Progress,Pending,,Workforce,Offboarding & Exit Process,Exit Management,Employee Exit Management
EMP0196,Employee_196,HR,Analyst,2025-01-02,30,Termination,2024-12-30,Neutral,Completed,Completed,Processed,,Workforce,Offboarding & Exit Process,Exit Management,Employee Exit Management
EMP0197,Employee_197,Finance,Executive,2025-04-29,90,Retirement,2025-04-23,Positive,Not Applicable,Not Applicable,Pending,,Workforce,Offboarding & Exit Process,Exit Management,Employee Exit Management
EMP0198,Employee_198,Finance,Consultant,2024-12-28,30,Retirement,2024-12-26,Neutral,Not Applicable,Not Applicable,Pending,,Workforce,Offboarding & Exit Process,Exit Management,Employee Exit Management
EMP0199,Employee_199,HR,Executive,2025-06-09,45,Mutual Separation,2025-06-08,Neutral,Not Applicable,Completed,Pending,,Workforce,Offboarding & Exit Process,Exit Management,Employee Exit Management
EMP0200,Employee_200,Operations,Executive,2025-04-12,30,Termination,2025-04-05,Neutral,Completed,Completed,Processed,,Workforce,Offboarding & Exit Process,Exit Management,Employee Exit Management
EMP0201,Employee_201,Operations,Executive,2025-08-14,30,Resignation,2025-08-07,Neutral,Pending,In Progress,Processed,,Workforce,Offboarding & Exit Process,Exit Management,Employee Exit Management
EMP0202,Employee_202,Marketing,Engineer,2025-08-22,90,Termination,2025-08-19,Positive,Not Applicable,Completed,Processed,,Workforce,Offboarding & Exit Process,Exit Management,Employee Exit Management
EMP0203,Employee_203,Finance,Engineer,2025-08-31,90,Termination,2025-08-27,Neutral,Not Applicable,Not Applicable,On Hold,,Workforce,Offboarding & Exit Process,Exit Management,Employee Exit Management
EMP0204,Employee_204,Sales,Engineer,2025-02-01,90,Mutual Separation,2025-01-31,Neutral,Completed,Not Applicable,On Hold,,Workforce,Offboarding & Exit Process,Exit Management,Employee Exit Management
EMP0205,Employee_205,HR,Assistant,2024-12-06,60,Retirement,2024-12-06,Positive,Not Applicable,In Progress,Processed,,Workforce,Offboarding & Exit Process,Exit Management,Employee Exit Management
EMP0206,Employee_206,Marketing,Analyst,2024-12-17,90,End of Contract,2024-12-14,Negative,Completed,Completed,Pending,,Workforce,Offboarding & Exit Process,Exit Management,Employee Exit Management
EMP0207,Employee_207,Finance,Analyst,2025-02-15,90,Mutual Separation,2025-02-08,Neutral,Not Applicable,Not Applicable,Pending,,Workforce,Offboarding & Exit Process,Exit Management,Employee Exit Management
EMP0208,Employee_208,Finance,Consultant,2025-09-20,60,Retirement,2025-09-15,Negative,Completed,Completed,Processed,,Workforce,Offboarding & Exit Process,Exit Management,Employee Exit Management
EMP0209,Employee_209,Operations,Analyst,2025-03-18,45,End of Contract,2025-03-14,Neutral,Pending,In Progress,On Hold,,Workforce,Offboarding & Exit Process,Exit Management,Employee Exit Management
EMP0210,Employee_210,Marketing,Consultant,2025-01-20,45,Termination,2025-01-18,Positive,Pending,Completed,On Hold,,Workforce,Offboarding & Exit Process,Exit Management,Employee Exit Management
EMP0211,Employee_211,Marketing,Manager,2025-07-19,30,Retirement,2025-07-15,Negative,Completed,Not Applicable,Pending,,Workforce,Offboarding & Exit Process,Exit Management,Employee Exit Management
EMP0212,Employee_212,Sales,Executive,2024-11-12,30,End of Contract,2024-11-06,Positive,Pending,In Progress,Processed,,Workforce,Offboarding & Exit Process,Exit Management,Employee Exit Management
EMP0213,Employee_213,Sales,Analyst,2025-10-16,30,Mutual Separation,2025-10-09,Positive,Completed,In Progress,Pending,,Workforce,Offboarding & Exit Process,Exit Management,Employee Exit Management
EMP0214,Employee_214,Finance,Manager,2025-07-04,45,Termination,2025-07-03,Neutral,Not Applicable,In Progress,On Hold,,Workforce,Offboarding & Exit Process,Exit Management,Employee Exit Management
EMP0215,Employee_215,IT,Executive,2025-09-05,30,Termination,2025-09-05,Positive,Completed,Completed,On Hold,,Workforce,Offboarding & Exit Process,Exit Management,Employee Exit Management
EMP0216,Employee_216,Operations,Assistant,2025-01-31,90,End of Contract,2025-01-28,Negative,Pending,Not Applicable,Pending,,Workforce,Offboarding & Exit Process,Exit Management,Employee Exit Management
EMP0217,Employee_217,IT,Engineer,2025-04-08,90,Resignation,2025-04-05,Negative,Pending,In Progress,On Hold,,Workforce,Offboarding & Exit Process,Exit Management,Employee Exit Management
EMP0218,Employee_218,Operations,Analyst,2025-08-12,30,Resignation,2025-08-10,Negative,Completed,Not Applicable,Processed,,Workforce,Offboarding & Exit Process,Exit Management,Employee Exit Management
EMP0219,Employee_219,Operations,Manager,2025-06-24,30,Mutual Separation,2025-06-24,Positive,Completed,Completed,Pending,,Workforce,Offboarding & Exit Process,Exit Management,Employee Exit Management
EMP0220,Employee_220,IT,Executive,2025-03-02,30,Retirement,2025-03-02,Positive,Pending,Not Applicable,Processed,,Workforce,Offboarding & Exit Process,Exit Management,Employee Exit Management
EMP0221,Employee_221,Operations,Engineer,2024-12-05,60,Termination,2024-11-29,Negative,Completed,Not Applicable,Processed,,Workforce,Offboarding & Exit Process,Exit Management,Employee Exit Management
EMP0222,Employee_222,Operations,Executive,2024-11-21,30,Termination,2024-11-16,Neutral,Completed,Not Applicable,Processed,,Workforce,Offboarding & Exit Process,Exit Management,Employee Exit Management
EMP0223,Employee_223,Sales,Analyst,2024-10-25,45,Retirement,2024-10-25,Neutral,Completed,In Progress,Pending,,Workforce,Offboarding & Exit Process,Exit Management,Employee Exit Management
EMP0224,Employee_224,Finance,Consultant,2025-05-04,60,Retirement,2025-05-03,Negative,Pending,In Progress,On Hold,,Workforce,Offboarding & Exit Process,Exit Management,Employee Exit Management
EMP0225,Employee_225,Marketing,Executive,2024-10-24,90,Termination,2024-10-20,Neutral,Completed,Not Applicable,On Hold,,Workforce,Offboarding & Exit Process,Exit Management,Employee Exit Management
EMP0226,Employee_226,IT,Consultant,2024-12-21,90,Termination,2024-12-15,Negative,Pending,Not Applicable,On Hold,,Workforce,Offboarding & Exit Process,Exit Management,Employee Exit Management
EMP0227,Employee_227,HR,Assistant,2025-04-08,60,Termination,2025-04-08,Positive,Pending,Completed,Processed,,Workforce,Offboarding & Exit Process,Exit Management,Employee Exit Management
EMP0228,Employee_228,Finance,Manager,2025-03-28,30,Resignation,2025-03-27,Negative,Not Applicable,Completed,On Hold,,Workforce,Offboarding & Exit Process,Exit Management,Employee Exit Management
EMP0229,Employee_229,Marketing,Manager,2025-01-18,30,Termination,2025-01-13,Negative,Not Applicable,Not Applicable,Processed,,Workforce,Offboarding & Exit Process,Exit Management,Employee Exit Management
EMP0230,Employee_230,IT,Manager,2024-12-26,30,Retirement,2024-12-23,Positive,Pending,In Progress,On Hold,,Workforce,Offboarding & Exit Process,Exit Management,Employee Exit Management
EMP0231,Employee_231,Sales,Manager,2025-02-15,60,Mutual Separation,2025-02-11,Negative,Not Applicable,In Progress,Processed,,Workforce,Offboarding & Exit Process,Exit Management,Employee Exit Management
EMP0232,Employee_232,Marketing,Manager,2025-10-03,45,Retirement,2025-09-30,Positive,Completed,Completed,Pending,,Workforce,Offboarding & Exit Process,Exit Management,Employee Exit Management
EMP0233,Employee_233,Finance,Manager,2025-06-11,45,Resignation,2025-06-08,Negative,Pending,Not Applicable,Processed,,Workforce,Offboarding & Exit Process,Exit Management,Employee Exit Management
EMP0234,Employee_234,IT,Consultant,2025-08-12,45,Resignation,2025-08-07,Neutral,Not Applicable,Not Applicable,On Hold,,Workforce,Offboarding & Exit Process,Exit Management,Employee Exit Management
EMP0235,Employee_235,Marketing,Analyst,2024-10-31,90,Resignation,2024-10-28,Positive,Completed,Not Applicable,Processed,,Workforce,Offboarding & Exit Process,Exit Management,Employee Exit Management
EMP0236,Employee_236,Marketing,Engineer,2025-09-10,90,Resignation,2025-09-05,Positive,Not Applicable,In Progress,Processed,,Workforce,Offboarding & Exit Process,Exit Management,Employee Exit Management
EMP0237,Employee_237,Sales,Assistant,2025-02-18,45,Mutual Separation,2025-02-17,Positive,Not Applicable,Not Applicable,On Hold,,Workforce,Offboarding & Exit Process,Exit Management,Employee Exit Management
EMP0238,Employee_238,Sales,Consultant,2024-11-13,30,End of Contract,2024-11-13,Neutral,Completed,In Progress,On Hold,,Workforce,Offboarding & Exit Process,Exit Management,Employee Exit Management
EMP0239,Employee_239,Sales,Engineer,2024-10-20,90,Resignation,2024-10-13,Neutral,Pending,In Progress,Processed,,Workforce,Offboarding & Exit Process,Exit Management,Employee Exit Management
EMP0240,Employee_240,Finance,Manager,2025-03-06,60,Resignation,2025-02-27,Positive,Completed,In Progress,Processed,,Workforce,Offboarding & Exit Process,Exit Management,Employee Exit Management
EMP0241,Employee_241,HR,Executive,2025-06-28,45,End of Contract,2025-06-23,Neutral,Not Applicable,Not Applicable,Pending,,Workforce,Offboarding & Exit Process,Exit Management,Employee Exit Management
EMP0242,Employee_242,HR,Assistant,2024-11-22,30,End of Contract,2024-11-17,Negative,Completed,In Progress,Processed,,Workforce,Offboarding & Exit Process,Exit Management,Employee Exit Management
EMP0243,Employee_243,Finance,Executive,2025-08-30,90,End of Contract,2025-08-23,Negative,Pending,Not Applicable,On Hold,,Workforce,Offboarding & Exit Process,Exit Management,Employee Exit Management
EMP0244,Employee_244,IT,Assistant,2025-02-05,30,Resignation,2025-01-29,Positive,Not Applicable,In Progress,Pending,,Workforce,Offboarding & Exit Process,Exit Management,Employee Exit Management
EMP0245,Employee_245,Sales,Consultant,2025-04-11,45,Retirement,2025-04-08,Negative,Not Applicable,Not Applicable,On Hold,,Workforce,Offboarding & Exit Process,Exit Management,Employee Exit Management
EMP0246,Employee_246,Sales,Manager,2024-11-02,45,End of Contract,2024-10-29,Positive,Completed,In Progress,Processed,,Workforce,Offboarding & Exit Process,Exit Management,Employee Exit Management
EMP0247,Employee_247,HR,Engineer,2025-04-26,90,Mutual Separation,2025-04-20,Negative,Completed,In Progress,Processed,,Workforce,Offboarding & Exit Process,Exit Management,Employee Exit Management
EMP0248,Employee_248,IT,Analyst,2025-02-24,60,Mutual Separation,2025-02-17,Neutral,Not Applicable,Completed,Pending,,Workforce,Offboarding & Exit Process,Exit Management,Employee Exit Management
EMP0249,Employee_249,Operations,Executive,2025-10-04,90,Retirement,2025-09-30,Positive,Not Applicable,In Progress,On Hold,,Workforce,Offboarding & Exit Process,Exit Management,Employee Exit Management
EMP0250,Employee_250,HR,Assistant,2025-08-01,90,Mutual Separation,2025-07-31,Neutral,Not Applicable,Not Applicable,On Hold,,Workforce,Offboarding & Exit Process,Exit Management,Employee Exit Management
EMP0251,Employee_251,Operations,Engineer,2024-11-16,60,Retirement,2024-11-10,Neutral,Pending,Not Applicable,On Hold,,Workforce,Offboarding & Exit Process,Exit Management,Employee Exit Management
EMP0252,Employee_252,Sales,Assistant,2025-05-04,30,Termination,2025-04-28,Neutral,Not Applicable,Completed,On Hold,,Workforce,Offboarding & Exit Process,Exit Management,Employee Exit Management
EMP0253,Employee_253,Finance,Analyst,2025-01-29,90,Retirement,2025-01-29,Neutral,Pending,Completed,Pending,,Workforce,Offboarding & Exit Process,Exit Management,Employee Exit Management
EMP0254,Employee_254,Operations,Executive,2025-07-07,45,Retirement,2025-06-30,Neutral,Not Applicable,Not Applicable,Processed,,Workforce,Offboarding & Exit Process,Exit Management,Employee Exit Management
EMP0255,Employee_255,Marketing,Engineer,2025-04-14,60,Termination,2025-04-11,Positive,Not Applicable,In Progress,Processed,,Workforce,Offboarding & Exit Process,Exit Management,Employee Exit Management
EMP0256,Employee_256,IT,Engineer,2025-08-05,45,Termination,2025-08-05,Negative,Not Applicable,In Progress,Pending,,Workforce,Offboarding & Exit Process,Exit Management,Employee Exit Management
EMP0257,Employee_257,Marketing,Manager,2025-08-04,60,Resignation,2025-07-31,Negative,Not Applicable,Completed,Pending,,Workforce,Offboarding & Exit Process,Exit Management,Employee Exit Management
EMP0258,Employee_258,Operations,Assistant,2024-10-30,45,Termination,2024-10-29,Positive,Pending,In Progress,Pending,,Workforce,Offboarding & Exit Process,Exit Management,Employee Exit Management
EMP0259,Employee_259,Finance,Engineer,2025-08-13,60,Retirement,2025-08-08,Neutral,Completed,Completed,On Hold,,Workforce,Offboarding & Exit Process,Exit Management,Employee Exit Management
EMP0260,Employee_260,IT,Assistant,2025-02-11,90,Mutual Separation,2025-02-09,Neutral,Pending,Not Applicable,Pending,,Workforce,Offboarding & Exit Process,Exit Management,Employee Exit Management
EMP0261,Employee_261,IT,Consultant,2025-06-15,45,End of Contract,2025-06-11,Positive,Completed,Completed,On Hold,,Workforce,Offboarding & Exit Process,Exit Management,Employee Exit Management
EMP0262,Employee_262,HR,Executive,2025-01-27,90,End of Contract,2025-01-21,Negative,Pending,Not Applicable,Pending,,Workforce,Offboarding & Exit Process,Exit Management,Employee Exit Management
EMP0263,Employee_263,Marketing,Executive,2024-11-12,90,Termination,2024-11-12,Negative,Completed,Not Applicable,Processed,,Workforce,Offboarding & Exit Process,Exit Management,Employee Exit Management
EMP0264,Employee_264,Marketing,Engineer,2025-02-11,90,Termination,2025-02-05,Neutral,Not Applicable,In Progress,Processed,,Workforce,Offboarding & Exit Process,Exit Management,Employee Exit Management
EMP0265,Employee_265,Operations,Engineer,2025-04-06,60,Termination,2025-04-05,Neutral,Completed,Not Applicable,Processed,,Workforce,Offboarding & Exit Process,Exit Management,Employee Exit Management
EMP0266,Employee_266,Finance,Analyst,2025-02-07,45,Retirement,2025-02-02,Negative,Completed,Not Applicable,Pending,,Workforce,Offboarding & Exit Process,Exit Management,Employee Exit Management
EMP0267,Employee_267,Marketing,Executive,2025-05-07,45,Termination,2025-05-03,Neutral,Completed,Not Applicable,Pending,,Workforce,Offboarding & Exit Process,Exit Management,Employee Exit Management
EMP0268,Employee_268,IT,Assistant,2025-06-24,90,Termination,2025-06-17,Neutral,Completed,Completed,Processed,,Workforce,Offboarding & Exit Process,Exit Management,Employee Exit Management
EMP0269,Employee_269,Marketing,Assistant,2025-09-21,90,Termination,2025-09-19,Positive,Not Applicable,Not Applicable,Pending,,Workforce,Offboarding & Exit Process,Exit Management,Employee Exit Management
EMP0270,Employee_270,Finance,Manager,2025-05-01,45,End of Contract,2025-05-01,Positive,Completed,In Progress,Processed,,Workforce,Offboarding & Exit Process,Exit Management,Employee Exit Management
EMP0271,Employee_271,HR,Executive,2025-06-16,60,Mutual Separation,2025-06-12,Neutral,Not Applicable,Completed,Pending,,Workforce,Offboarding & Exit Process,Exit Management,Employee Exit Management
EMP0272,Employee_272,IT,Manager,2025-01-18,30,Retirement,2025-01-13,Neutral,Pending,Completed,Pending,,Workforce,Offboarding & Exit Process,Exit Management,Employee Exit Management
EMP0273,Employee_273,Marketing,Engineer,2025-06-13,30,Resignation,2025-06-09,Positive,Completed,Completed,Processed,,Workforce,Offboarding & Exit Process,Exit Management,Employee Exit Management
EMP0274,Employee_274,Marketing,Engineer,2025-03-31,60,End of Contract,2025-03-25,Neutral,Completed,Not Applicable,Pending,,Workforce,Offboarding & Exit Process,Exit Management,Employee Exit Management
EMP0275,Employee_275,IT,Engineer,2024-11-04,60,End of Contract,2024-10-28,Neutral,Completed,In Progress,Pending,,Workforce,Offboarding & Exit Process,Exit Management,Employee Exit Management
EMP0276,Employee_276,Finance,Analyst,2025-02-09,90,Retirement,2025-02-04,Negative,Not Applicable,Completed,Processed,,Workforce,Offboarding & Exit Process,Exit Management,Employee Exit Management
EMP0277,Employee_277,Operations,Consultant,2025-06-27,90,End of Contract,2025-06-20,Positive,Completed,In Progress,On Hold,,Workforce,Offboarding & Exit Process,Exit Management,Employee Exit Management
EMP0278,Employee_278,IT,Assistant,2025-03-23,60,Resignation,2025-03-19,Negative,Pending,Not Applicable,Processed,,Workforce,Offboarding & Exit Process,Exit Management,Employee Exit Management
EMP0279,Employee_279,Sales,Assistant,2025-05-10,30,Termination,2025-05-08,Positive,Not Applicable,Completed,Pending,,Workforce,Offboarding & Exit Process,Exit Management,Employee Exit Management
EMP0280,Employee_280,Operations,Assistant,2025-02-14,45,End of Contract,2025-02-09,Negative,Completed,Not Applicable,On Hold,,Workforce,Offboarding & Exit Process,Exit Management,Employee Exit Management
EMP0281,Employee_281,Marketing,Engineer,2025-09-11,30,Resignation,2025-09-10,Neutral,Not Applicable,In Progress,On Hold,,Workforce,Offboarding & Exit Process,Exit Management,Employee Exit Management
EMP0282,Employee_282,IT,Assistant,2025-06-05,45,Retirement,2025-06-01,Positive,Not Applicable,In Progress,On Hold,,Workforce,Offboarding & Exit Process,Exit Management,Employee Exit Management
EMP0283,Employee_283,Finance,Assistant,2024-10-28,60,End of Contract,2024-10-23,Neutral,Not Applicable,Completed,Pending,,Workforce,Offboarding & Exit Process,Exit Management,Employee Exit Management
EMP0284,Employee_284,Finance,Assistant,2025-04-17,45,Termination,2025-04-14,Positive,Pending,Not Applicable,Pending,,Workforce,Offboarding & Exit Process,Exit Management,Employee Exit Management
EMP0285,Employee_285,HR,Engineer,2025-03-01,30,Mutual Separation,2025-02-27,Neutral,Pending,In Progress,Pending,,Workforce,Offboarding & Exit Process,Exit Management,Employee Exit Management
EMP0286,Employee_286,HR,Consultant,2025-02-14,30,Mutual Separation,2025-02-09,Negative,Pending,Completed,Processed,,Workforce,Offboarding & Exit Process,Exit Management,Employee Exit Management
EMP0287,Employee_287,IT,Executive,2025-03-21,30,Termination,2025-03-18,Negative,Pending,Not Applicable,Processed,,Workforce,Offboarding & Exit Process,Exit Management,Employee Exit Management
EMP0288,Employee_288,Sales,Engineer,2024-11-07,90,Resignation,2024-11-06,Negative,Pending,Not Applicable,Processed,,Workforce,Offboarding & Exit Process,Exit Management,Employee Exit Management
EMP0289,Employee_289,Operations,Consultant,2025-02-15,45,Mutual Separation,2025-02-11,Neutral,Pending,In Progress,Processed,,Workforce,Offboarding & Exit Process,Exit Management,Employee Exit Management
EMP0290,Employee_290,Marketing,Consultant,2025-04-20,60,Retirement,2025-04-19,Neutral,Completed,In Progress,On Hold,,Workforce,Offboarding & Exit Process,Exit Management,Employee Exit Management
EMP0291,Employee_291,IT,Manager,2025-05-06,90,End of Contract,2025-05-02,Positive,Not Applicable,Not Applicable,Pending,,Workforce,Offboarding & Exit Process,Exit Management,Employee Exit Management
EMP0292,Employee_292,Sales,Manager,2025-01-05,60,Mutual Separation,2024-12-29,Positive,Not Applicable,Completed,Pending,,Workforce,Offboarding & Exit Process,Exit Management,Employee Exit Management
EMP0293,Employee_293,Operations,Consultant,2025-06-17,90,Resignation,2025-06-15,Positive,Not Applicable,In Progress,On Hold,,Workforce,Offboarding & Exit Process,Exit Management,Employee Exit Management
EMP0294,Employee_294,HR,Consultant,2025-10-12,30,Retirement,2025-10-11,Neutral,Not Applicable,Not Applicable,Pending,,Workforce,Offboarding & Exit Process,Exit Management,Employee Exit Management
EMP0295,Employee_295,Marketing,Executive,2025-04-30,90,Resignation,2025-04-24,Neutral,Completed,In Progress,Processed,,Workforce,Offboarding & Exit Process,Exit Management,Employee Exit Management
EMP0296,Employee_296,Operations,Assistant,2025-05-31,45,Termination,2025-05-27,Positive,Not Applicable,In Progress,On Hold,,Workforce,Offboarding & Exit Process,Exit Management,Employee Exit Management
EMP0297,Employee_297,HR,Executive,2025-06-01,90,Resignation,2025-05-27,Negative,Completed,In Progress,Processed,,Workforce,Offboarding & Exit Process,Exit Management,Employee Exit Management
EMP0298,Employee_298,Operations,Executive,2025-08-27,45,End of Contract,2025-08-23,Neutral,Pending,Completed,Pending,,Workforce,Offboarding & Exit Process,Exit Management,Employee Exit Management
EMP0299,Employee_299,Finance,Assistant,2025-03-14,45,Termination,2025-03-10,Negative,Completed,In Progress,Processed,,Workforce,Offboarding & Exit Process,Exit Management,Employee Exit Management
EMP0300,Employee_300,HR,Manager,2025-08-06,90,Termination,2025-08-03,Positive,Completed,Not Applicable,Pending,,Workforce,Offboarding & Exit Process,Exit Management,Employee Exit Management
EMP0301,Employee_301,Operations,Executive,2024-12-19,90,End of Contract,2024-12-18,Neutral,Completed,In Progress,On Hold,,Workforce,Offboarding & Exit Process,Exit Management,Employee Exit Management
EMP0302,Employee_302,Operations,Assistant,2025-03-25,60,Retirement,2025-03-22,Negative,Pending,Completed,On Hold,,Workforce,Offboarding & Exit Process,Exit Management,Employee Exit Management
EMP0303,Employee_303,Finance,Manager,2025-05-31,30,Resignation,2025-05-31,Neutral,Not Applicable,In Progress,Pending,,Workforce,Offboarding & Exit Process,Exit Management,Employee Exit Management
EMP0304,Employee_304,Finance,Assistant,2025-08-11,90,Resignation,2025-08-05,Neutral,Pending,In Progress,Processed,,Workforce,Offboarding & Exit Process,Exit Management,Employee Exit Management
EMP0305,Employee_305,IT,Consultant,2024-12-20,30,End of Contract,2024-12-18,Neutral,Not Applicable,Not Applicable,On Hold,,Workforce,Offboarding & Exit Process,Exit Management,Employee Exit Management
EMP0306,Employee_306,Marketing,Executive,2025-04-20,30,Termination,2025-04-16,Negative,Completed,Completed,Pending,,Workforce,Offboarding & Exit Process,Exit Management,Employee Exit Management
EMP0307,Employee_307,Marketing,Manager,2024-11-02,30,Termination,2024-10-29,Negative,Pending,Not Applicable,Processed,,Workforce,Offboarding & Exit Process,Exit Management,Employee Exit Management
EMP0308,Employee_308,Operations,Consultant,2025-05-30,30,End of Contract,2025-05-29,Negative,Not Applicable,Completed,On Hold,,Workforce,Offboarding & Exit Process,Exit Management,Employee Exit Management
EMP0309,Employee_309,Finance,Consultant,2024-11-12,30,End of Contract,2024-11-12,Negative,Not Applicable,Completed,On Hold,,Workforce,Offboarding & Exit Process,Exit Management,Employee Exit Management
EMP0310,Employee_310,Finance,Assistant,2025-05-31,90,Termination,2025-05-29,Positive,Completed,Not Applicable,Processed,,Workforce,Offboarding & Exit Process,Exit Management,Employee Exit Management
EMP0311,Employee_311,Sales,Consultant,2025-09-12,30,End of Contract,2025-09-05,Neutral,Pending,Completed,Pending,,Workforce,Offboarding & Exit Process,Exit Management,Employee Exit Management
EMP0312,Employee_312,Finance,Engineer,2025-10-14,30,Termination,2025-10-12,Negative,Not Applicable,Completed,Processed,,Workforce,Offboarding & Exit Process,Exit Management,Employee Exit Management
EMP0313,Employee_313,Marketing,Executive,2024-12-11,30,End of Contract,2024-12-08,Neutral,Pending,Completed,On Hold,,Workforce,Offboarding & Exit Process,Exit Management,Employee Exit Management
EMP0314,Employee_314,Finance,Executive,2025-08-26,45,Resignation,2025-08-26,Negative,Not Applicable,Completed,Processed,,Workforce,Offboarding & Exit Process,Exit Management,Employee Exit Management
EMP0315,Employee_315,HR,Assistant,2025-06-29,45,Mutual Separation,2025-06-29,Positive,Completed,In Progress,Processed,,Workforce,Offboarding & Exit Process,Exit Management,Employee Exit Management
EMP0316,Employee_316,Finance,Assistant,2025-08-06,90,Retirement,2025-08-04,Negative,Pending,In Progress,Pending,,Workforce,Offboarding & Exit Process,Exit Management,Employee Exit Management
EMP0317,Employee_317,Operations,Engineer,2025-03-21,45,Termination,2025-03-16,Neutral,Completed,In Progress,Processed,,Workforce,Offboarding & Exit Process,Exit Management,Employee Exit Management
EMP0318,Employee_318,Operations,Analyst,2024-10-28,45,Resignation,2024-10-21,Neutral,Not Applicable,Not Applicable,Processed,,Workforce,Offboarding & Exit Process,Exit Management,Employee Exit Management
EMP0319,Employee_319,Sales,Manager,2024-11-12,90,Termination,2024-11-08,Positive,Pending,Completed,Pending,,Workforce,Offboarding & Exit Process,Exit Management,Employee Exit Management
EMP0320,Employee_320,Sales,Executive,2025-05-20,45,Termination,2025-05-15,Positive,Completed,Completed,On Hold,,Workforce,Offboarding & Exit Process,Exit Management,Employee Exit Management
EMP0321,Employee_321,HR,Executive,2025-06-25,90,Retirement,2025-06-25,Neutral,Pending,Completed,Processed,,Workforce,Offboarding & Exit Process,Exit Management,Employee Exit Management
EMP0322,Employee_322,Finance,Engineer,2025-01-23,90,Mutual Separation,2025-01-19,Neutral,Pending,Not Applicable,On Hold,,Workforce,Offboarding & Exit Process,Exit Management,Employee Exit Management
EMP0323,Employee_323,IT,Consultant,2025-04-12,30,Mutual Separation,2025-04-10,Negative,Completed,In Progress,Processed,,Workforce,Offboarding & Exit Process,Exit Management,Employee Exit Management
EMP0324,Employee_324,Marketing,Assistant,2025-07-07,90,End of Contract,2025-07-01,Neutral,Pending,Completed,Processed,,Workforce,Offboarding & Exit Process,Exit Management,Employee Exit Management
EMP0325,Employee_325,Sales,Executive,2024-12-16,30,End of Contract,2024-12-14,Neutral,Not Applicable,Not Applicable,On Hold,,Workforce,Offboarding & Exit Process,Exit Management,Employee Exit Management
EMP0326,Employee_326,Sales,Assistant,2025-02-17,60,End of Contract,2025-02-15,Negative,Completed,Not Applicable,On Hold,,Workforce,Offboarding & Exit Process,Exit Management,Employee Exit Management
EMP0327,Employee_327,HR,Executive,2025-07-12,45,Resignation,2025-07-08,Positive,Pending,In Progress,Pending,,Workforce,Offboarding & Exit Process,Exit Management,Employee Exit Management
EMP0328,Employee_328,Operations,Engineer,2025-02-04,30,Retirement,2025-01-29,Neutral,Completed,In Progress,Processed,,Workforce,Offboarding & Exit Process,Exit Management,Employee Exit Management
EMP0329,Employee_329,HR,Engineer,2025-05-06,90,Termination,2025-05-03,Positive,Pending,In Progress,Pending,,Workforce,Offboarding & Exit Process,Exit Management,Employee Exit Management
EMP0330,Employee_330,Finance,Analyst,2025-07-14,60,Termination,2025-07-07,Negative,Not Applicable,In Progress,On Hold,,Workforce,Offboarding & Exit Process,Exit Management,Employee Exit Management
EMP0331,Employee_331,HR,Assistant,2024-11-09,60,Termination,2024-11-09,Neutral,Pending,Completed,Processed,,Workforce,Offboarding & Exit Process,Exit Management,Employee Exit Management
EMP0332,Employee_332,HR,Engineer,2025-03-23,90,End of Contract,2025-03-17,Neutral,Not Applicable,In Progress,On Hold,,Workforce,Offboarding & Exit Process,Exit Management,Employee Exit Management
EMP0333,Employee_333,Sales,Assistant,2025-06-03,90,Retirement,2025-05-31,Neutral,Pending,Completed,Processed,,Workforce,Offboarding & Exit Process,Exit Management,Employee Exit Management
EMP0334,Employee_334,Operations,Executive,2025-04-20,45,Mutual Separation,2025-04-19,Negative,Completed,Not Applicable,On Hold,,Workforce,Offboarding & Exit Process,Exit Management,Employee Exit Management
EMP0335,Employee_335,Sales,Analyst,2025-01-12,60,Mutual Separation,2025-01-09,Neutral,Completed,Not Applicable,On Hold,,Workforce,Offboarding & Exit Process,Exit Management,Employee Exit Management
EMP0336,Employee_336,Marketing,Manager,2025-06-08,60,End of Contract,2025-06-02,Neutral,Not Applicable,In Progress,Pending,,Workforce,Offboarding & Exit Process,Exit Management,Employee Exit Management
EMP0337,Employee_337,Marketing,Manager,2025-05-20,45,Mutual Separation,2025-05-14,Positive,Not Applicable,In Progress,On Hold,,Workforce,Offboarding & Exit Process,Exit Management,Employee Exit Management
EMP0338,Employee_338,HR,Engineer,2025-10-07,30,Retirement,2025-10-05,Positive,Pending,Completed,On Hold,,Workforce,Offboarding & Exit Process,Exit Management,Employee Exit Management
EMP0339,Employee_339,HR,Engineer,2025-03-10,30,Mutual Separation,2025-03-09,Positive,Pending,Not Applicable,On Hold,,Workforce,Offboarding & Exit Process,Exit Management,Employee Exit Management
EMP0340,Employee_340,Finance,Engineer,2025-02-15,60,Retirement,2025-02-15,Negative,Pending,Completed,On Hold,,Workforce,Offboarding & Exit Process,Exit Management,Employee Exit Management
EMP0341,Employee_341,IT,Engineer,2024-12-18,60,Termination,2024-12-13,Neutral,Completed,Completed,Pending,,Workforce,Offboarding & Exit Process,Exit Management,Employee Exit Management
EMP0342,Employee_342,Finance,Analyst,2025-03-21,90,Resignation,2025-03-18,Positive,Pending,In Progress,Pending,,Workforce,Offboarding & Exit Process,Exit Management,Employee Exit Management
EMP0343,Employee_343,Finance,Engineer,2025-01-05,30,End of Contract,2024-12-29,Positive,Completed,In Progress,On Hold,,Workforce,Offboarding & Exit Process,Exit Management,Employee Exit Management
EMP0344,Employee_344,HR,Consultant,2025-03-26,90,Retirement,2025-03-19,Positive,Pending,Completed,Pending,,Workforce,Offboarding & Exit Process,Exit Management,Employee Exit Management
EMP0345,Employee_345,Finance,Analyst,2025-10-16,90,Mutual Separation,2025-10-11,Neutral,Completed,Completed,Processed,,Workforce,Offboarding & Exit Process,Exit Management,Employee Exit Management
EMP0346,Employee_346,Sales,Assistant,2025-08-11,90,Resignation,2025-08-11,Positive,Pending,Completed,Processed,,Workforce,Offboarding & Exit Process,Exit Management,Employee Exit Management
EMP0347,Employee_347,Finance,Manager,2025-04-25,30,Mutual Separation,2025-04-18,Neutral,Completed,In Progress,Processed,,Workforce,Offboarding & Exit Process,Exit Management,Employee Exit Management
EMP0348,Employee_348,Finance,Engineer,2025-01-24,90,Resignation,2025-01-22,Negative,Completed,Not Applicable,On Hold,,Workforce,Offboarding & Exit Process,Exit Management,Employee Exit Management
EMP0349,Employee_349,Marketing,Engineer,2025-04-10,45,Retirement,2025-04-10,Negative,Not Applicable,In Progress,Processed,,Workforce,Offboarding & Exit Process,Exit Management,Employee Exit Management
EMP0350,Employee_350,HR,Executive,2024-11-04,30,Retirement,2024-11-04,Neutral,Pending,Completed,On Hold,,Workforce,Offboarding & Exit Process,Exit Management,Employee Exit Management
EMP0351,Employee_351,IT,Engineer,2024-11-25,60,Resignation,2024-11-24,Neutral,Pending,In Progress,On Hold,,Workforce,Offboarding & Exit Process,Exit Management,Employee Exit Management
EMP0352,Employee_352,Operations,Assistant,2024-12-13,60,Resignation,2024-12-11,Positive,Pending,Not Applicable,On Hold,,Workforce,Offboarding & Exit Process,Exit Management,Employee Exit Management
EMP0353,Employee_353,Sales,Engineer,2025-02-11,45,End of Contract,2025-02-06,Positive,Not Applicable,Completed,On Hold,,Workforce,Offboarding & Exit Process,Exit Management,Employee Exit Management
EMP0354,Employee_354,IT,Consultant,2025-01-30,30,Termination,2025-01-24,Negative,Pending,Completed,Pending,,Workforce,Offboarding & Exit Process,Exit Management,Employee Exit Management
EMP0355,Employee_355,IT,Manager,2025-04-15,30,Retirement,2025-04-09,Positive,Not Applicable,Not Applicable,On Hold,,Workforce,Offboarding & Exit Process,Exit Management,Employee Exit Management
EMP0356,Employee_356,Marketing,Manager,2024-11-10,45,Mutual Separation,2024-11-08,Neutral,Pending,In Progress,Pending,,Workforce,Offboarding & Exit Process,Exit Management,Employee Exit Management
EMP0357,Employee_357,Operations,Consultant,2025-01-13,30,Retirement,2025-01-12,Neutral,Not Applicable,Completed,Processed,,Workforce,Offboarding & Exit Process,Exit Management,Employee Exit Management
EMP0358,Employee_358,Operations,Assistant,2025-04-08,90,End of Contract,2025-04-05,Negative,Not Applicable,Completed,Processed,,Workforce,Offboarding & Exit Process,Exit Management,Employee Exit Management
EMP0359,Employee_359,Operations,Manager,2025-02-28,30,Termination,2025-02-23,Negative,Not Applicable,Not Applicable,Processed,,Workforce,Offboarding & Exit Process,Exit Management,Employee Exit Management
EMP0360,Employee_360,HR,Manager,2024-12-14,45,Mutual Separation,2024-12-14,Neutral,Not Applicable,In Progress,Pending,,Workforce,Offboarding & Exit Process,Exit Management,Employee Exit Management
EMP0361,Employee_361,Finance,Analyst,2025-04-06,60,End of Contract,2025-04-01,Positive,Completed,Not Applicable,Pending,,Workforce,Offboarding & Exit Process,Exit Management,Employee Exit Management
EMP0362,Employee_362,Marketing,Executive,2025-03-25,45,Resignation,2025-03-19,Negative,Completed,Not Applicable,Pending,,Workforce,Offboarding & Exit Process,Exit Management,Employee Exit Management
EMP0363,Employee_363,Operations,Analyst,2024-12-07,45,Resignation,2024-12-04,Neutral,Not Applicable,In Progress,Pending,,Workforce,Offboarding & Exit Process,Exit Management,Employee Exit Management
EMP0364,Employee_364,Marketing,Assistant,2024-12-28,30,Resignation,2024-12-26,Positive,Completed,Not Applicable,On Hold,,Workforce,Offboarding & Exit Process,Exit Management,Employee Exit Management
EMP0365,Employee_365,IT,Engineer,2025-06-14,30,Termination,2025-06-13,Positive,Pending,In Progress,Processed,,Workforce,Offboarding & Exit Process,Exit Management,Employee Exit Management
EMP0366,Employee_366,Finance,Executive,2025-01-18,45,Resignation,2025-01-13,Positive,Not Applicable,Completed,Pending,,Workforce,Offboarding & Exit Process,Exit Management,Employee Exit Management
EMP0367,Employee_367,Operations,Consultant,2025-10-10,30,Termination,2025-10-07,Positive,Completed,Not Applicable,On Hold,,Workforce,Offboarding & Exit Process,Exit Management,Employee Exit Management
EMP0368,Employee_368,Finance,Manager,2024-12-31,30,Termination,2024-12-28,Positive,Pending,Completed,Processed,,Workforce,Offboarding & Exit Process,Exit Management,Employee Exit Management
EMP0369,Employee_369,Finance,Executive,2025-07-06,45,Resignation,2025-07-03,Negative,Pending,Completed,Processed,,Workforce,Offboarding & Exit Process,Exit Management,Employee Exit Management
EMP0370,Employee_370,Marketing,Manager,2024-11-04,60,Termination,2024-11-04,Neutral,Not Applicable,Completed,Processed,,Workforce,Offboarding & Exit Process,Exit Management,Employee Exit Management
EMP0371,Employee_371,Marketing,Engineer,2025-02-13,90,Termination,2025-02-08,Neutral,Not Applicable,Completed,On Hold,,Workforce,Offboarding & Exit Process,Exit Management,Employee Exit Management
EMP0372,Employee_372,Operations,Engineer,2025-08-25,45,Resignation,2025-08-24,Neutral,Completed,Completed,On Hold,,Workforce,Offboarding & Exit Process,Exit Management,Employee Exit Management
EMP0373,Employee_373,Finance,Executive,2025-01-27,60,End of Contract,2025-01-22,Positive,Pending,Completed,Pending,,Workforce,Offboarding & Exit Process,Exit Management,Employee Exit Management
EMP0374,Employee_374,HR,Consultant,2025-05-17,90,Retirement,2025-05-10,Neutral,Completed,In Progress,Pending,,Workforce,Offboarding & Exit Process,Exit Management,Employee Exit Management
EMP0375,Employee_375,Finance,Assistant,2025-09-07,90,Termination,2025-09-06,Positive,Completed,In Progress,Processed,,Workforce,Offboarding & Exit Process,Exit Management,Employee Exit Management
EMP0376,Employee_376,HR,Engineer,2025-09-25,60,Retirement,2025-09-21,Positive,Not Applicable,Completed,Pending,,Workforce,Offboarding & Exit Process,Exit Management,Employee Exit Management
EMP0377,Employee_377,HR,Assistant,2025-05-04,60,End of Contract,2025-05-02,Negative,Completed,Not Applicable,Processed,,Workforce,Offboarding & Exit Process,Exit Management,Employee Exit Management
EMP0378,Employee_378,HR,Analyst,2025-02-21,60,Retirement,2025-02-21,Neutral,Completed,Not Applicable,Pending,,Workforce,Offboarding & Exit Process,Exit Management,Employee Exit Management
EMP0379,Employee_379,IT,Analyst,2025-08-31,90,Resignation,2025-08-28,Negative,Pending,Completed,On Hold,,Workforce,Offboarding & Exit Process,Exit Management,Employee Exit Management
EMP0380,Employee_380,HR,Analyst,2025-04-12,60,Mutual Separation,2025-04-11,Neutral,Not Applicable,In Progress,Processed,,Workforce,Offboarding & Exit Process,Exit Management,Employee Exit Management
EMP0381,Employee_381,IT,Engineer,2025-05-18,30,Termination,2025-05-17,Negative,Not Applicable,In Progress,On Hold,,Workforce,Offboarding & Exit Process,Exit Management,Employee Exit Management
EMP0382,Employee_382,HR,Manager,2025-05-03,60,Termination,2025-05-03,Neutral,Pending,Not Applicable,Pending,,Workforce,Offboarding & Exit Process,Exit Management,Employee Exit Management
EMP0383,Employee_383,Finance,Consultant,2025-04-07,60,Mutual Separation,2025-03-31,Neutral,Pending,Not Applicable,Processed,,Workforce,Offboarding & Exit Process,Exit Management,Employee Exit Management
EMP0384,Employee_384,Marketing,Manager,2025-02-01,45,End of Contract,2025-01-28,Negative,Not Applicable,Not Applicable,Pending,,Workforce,Offboarding & Exit Process,Exit Management,Employee Exit Management
EMP0385,Employee_385,IT,Analyst,2025-09-23,90,End of Contract,2025-09-17,Negative,Not Applicable,Completed,On Hold,,Workforce,Offboarding & Exit Process,Exit Management,Employee Exit Management
EMP0386,Employee_386,HR,Manager,2025-10-14,30,Retirement,2025-10-13,Neutral,Completed,In Progress,On Hold,,Workforce,Offboarding & Exit Process,Exit Management,Employee Exit Management
EMP0387,Employee_387,HR,Engineer,2024-12-01,30,End of Contract,2024-11-25,Neutral,Completed,In Progress,Pending,,Workforce,Offboarding & Exit Process,Exit Management,Employee Exit Management
EMP0388,Employee_388,Finance,Analyst,2024-11-24,60,Mutual Separation,2024-11-23,Negative,Completed,Completed,Pending,,Workforce,Offboarding & Exit Process,Exit Management,Employee Exit Management
EMP0389,Employee_389,IT,Engineer,2025-05-19,45,Mutual Separation,2025-05-12,Negative,Not Applicable,In Progress,Pending,,Workforce,Offboarding & Exit Process,Exit Management,Employee Exit Management
EMP0390,Employee_390,Marketing,Manager,2025-01-12,45,Mutual Separation,2025-01-10,Negative,Completed,Not Applicable,Processed,,Workforce,Offboarding & Exit Process,Exit Management,Employee Exit Management
EMP0391,Employee_391,IT,Engineer,2024-10-18,60,Resignation,2024-10-11,Positive,Pending,In Progress,Processed,,Workforce,Offboarding & Exit Process,Exit Management,Employee Exit Management
EMP0392,Employee_392,Sales,Executive,2025-10-07,60,Termination,2025-10-02,Neutral,Pending,Completed,Pending,,Workforce,Offboarding & Exit Process,Exit Management,Employee Exit Management
EMP0393,Employee_393,Operations,Analyst,2025-01-07,45,End of Contract,2025-01-06,Positive,Not Applicable,In Progress,Pending,,Workforce,Offboarding & Exit Process,Exit Management,Employee Exit Management
EMP0394,Employee_394,Finance,Assistant,2025-01-12,90,Mutual Separation,2025-01-06,Neutral,Not Applicable,Completed,Pending,,Workforce,Offboarding & Exit Process,Exit Management,Employee Exit Management
EMP0395,Employee_395,Sales,Consultant,2025-03-19,90,Termination,2025-03-14,Positive,Not Applicable,Completed,On Hold,,Workforce,Offboarding & Exit Process,Exit Management,Employee Exit Management
EMP0396,Employee_396,Sales,Executive,2025-01-22,30,Resignation,2025-01-17,Positive,Not Applicable,Completed,Pending,,Workforce,Offboarding & Exit Process,Exit Management,Employee Exit Management
EMP0397,Employee_397,Finance,Analyst,2025-03-14,30,Termination,2025-03-10,Neutral,Not Applicable,Completed,Pending,,Workforce,Offboarding & Exit Process,Exit Management,Employee Exit Management
EMP0398,Employee_398,Sales,Engineer,2025-06-26,90,Termination,2025-06-20,Negative,Completed,Not Applicable,Pending,,Workforce,Offboarding & Exit Process,Exit Management,Employee Exit Management
EMP0399,Employee_399,Finance,Manager,2025-03-23,60,Resignation,2025-03-22,Positive,Not Applicable,In Progress,On Hold,,Workforce,Offboarding & Exit Process,Exit Management,Employee Exit Management
EMP0400,Employee_400,Operations,Consultant,2025-03-24,60,Retirement,2025-03-17,Negative,Not Applicable,Not Applicable,Processed,,Workforce,Offboarding & Exit Process,Exit Management,Employee Exit Management
EMP0401,Employee_401,Marketing,Assistant,2025-09-02,45,Retirement,2025-08-31,Negative,Pending,Not Applicable,Pending,,Workforce,Offboarding & Exit Process,Exit Management,Employee Exit Management
EMP0402,Employee_402,Finance,Manager,2025-04-16,60,Termination,2025-04-11,Negative,Pending,In Progress,Pending,,Workforce,Offboarding & Exit Process,Exit Management,Employee Exit Management
EMP0403,Employee_403,Finance,Executive,2024-11-02,60,Resignation,2024-11-02,Positive,Pending,Not Applicable,On Hold,,Workforce,Offboarding & Exit Process,Exit Management,Employee Exit Management
EMP0404,Employee_404,Marketing,Manager,2024-12-29,45,Retirement,2024-12-29,Negative,Not Applicable,In Progress,On Hold,,Workforce,Offboarding & Exit Process,Exit Management,Employee Exit Management
EMP0405,Employee_405,Finance,Engineer,2025-07-15,90,Resignation,2025-07-11,Negative,Not Applicable,In Progress,On Hold,,Workforce,Offboarding & Exit Process,Exit Management,Employee Exit Management
EMP0406,Employee_406,IT,Analyst,2025-01-29,30,End of Contract,2025-01-22,Neutral,Pending,In Progress,Processed,,Workforce,Offboarding & Exit Process,Exit Management,Employee Exit Management
EMP0407,Employee_407,IT,Manager,2025-08-31,60,Mutual Separation,2025-08-27,Positive,Not Applicable,Not Applicable,On Hold,,Workforce,Offboarding & Exit Process,Exit Management,Employee Exit Management
EMP0408,Employee_408,Finance,Manager,2024-10-17,90,Termination,2024-10-14,Positive,Pending,Not Applicable,Pending,,Workforce,Offboarding & Exit Process,Exit Management,Employee Exit Management
EMP0409,Employee_409,Sales,Consultant,2024-11-13,30,Retirement,2024-11-13,Neutral,Not Applicable,In Progress,Processed,,Workforce,Offboarding & Exit Process,Exit Management,Employee Exit Management
EMP0410,Employee_410,Marketing,Analyst,2025-01-13,90,Retirement,2025-01-08,Negative,Pending,Not Applicable,Pending,,Workforce,Offboarding & Exit Process,Exit Management,Employee Exit Management
EMP0411,Employee_411,Sales,Analyst,2024-11-02,60,Mutual Separation,2024-10-31,Negative,Pending,Not Applicable,Processed,,Workforce,Offboarding & Exit Process,Exit Management,Employee Exit Management
EMP0412,Employee_412,IT,Executive,2025-07-21,45,End of Contract,2025-07-15,Negative,Not Applicable,Not Applicable,Processed,,Workforce,Offboarding & Exit Process,Exit Management,Employee Exit Management
EMP0413,Employee_413,Finance,Engineer,2025-02-17,90,Mutual Separation,2025-02-11,Negative,Completed,Not Applicable,Processed,,Workforce,Offboarding & Exit Process,Exit Management,Employee Exit Management
EMP0414,Employee_414,Marketing,Manager,2025-02-26,60,End of Contract,2025-02-23,Negative,Not Applicable,In Progress,Pending,,Workforce,Offboarding & Exit Process,Exit Management,Employee Exit Management
EMP0415,Employee_415,Sales,Engineer,2025-08-09,60,Termination,2025-08-06,Positive,Not Applicable,Not Applicable,Processed,,Workforce,Offboarding & Exit Process,Exit Management,Employee Exit Management
EMP0416,Employee_416,Operations,Analyst,2024-11-07,30,Resignation,2024-11-06,Positive,Pending,In Progress,On Hold,,Workforce,Offboarding & Exit Process,Exit Management,Employee Exit Management
EMP0417,Employee_417,Sales,Manager,2025-09-29,60,Mutual Separation,2025-09-29,Positive,Completed,Not Applicable,Pending,,Workforce,Offboarding & Exit Process,Exit Management,Employee Exit Management
EMP0418,Employee_418,HR,Consultant,2025-02-23,60,Termination,2025-02-17,Neutral,Completed,In Progress,Pending,,Workforce,Offboarding & Exit Process,Exit Management,Employee Exit Management
EMP0419,Employee_419,Operations,Consultant,2025-08-30,45,Retirement,2025-08-24,Positive,Not Applicable,In Progress,Pending,,Workforce,Offboarding & Exit Process,Exit Management,Employee Exit Management
EMP0420,Employee_420,Finance,Executive,2025-07-26,30,End of Contract,2025-07-24,Negative,Completed,Completed,Pending,,Workforce,Offboarding & Exit Process,Exit Management,Employee Exit Management
EMP0421,Employee_421,Sales,Engineer,2025-03-06,60,Mutual Separation,2025-03-02,Negative,Not Applicable,Completed,Pending,,Workforce,Offboarding & Exit Process,Exit Management,Employee Exit Management
EMP0422,Employee_422,Marketing,Assistant,2025-10-09,90,End of Contract,2025-10-09,Neutral,Pending,Not Applicable,Processed,,Workforce,Offboarding & Exit Process,Exit Management,Employee Exit Management
EMP0423,Employee_423,Operations,Engineer,2025-09-11,90,Retirement,2025-09-09,Positive,Completed,Completed,Pending,,Workforce,Offboarding & Exit Process,Exit Management,Employee Exit Management
EMP0424,Employee_424,Operations,Engineer,2025-09-17,30,Retirement,2025-09-15,Neutral,Pending,In Progress,Processed,,Workforce,Offboarding & Exit Process,Exit Management,Employee Exit Management
EMP0425,Employee_425,Sales,Manager,2025-04-16,30,End of Contract,2025-04-13,Positive,Pending,Completed,On Hold,,Workforce,Offboarding & Exit Process,Exit Management,Employee Exit Management
EMP0426,Employee_426,Sales,Manager,2025-07-03,90,Termination,2025-07-01,Positive,Not Applicable,Completed,Pending,,Workforce,Offboarding & Exit Process,Exit Management,Employee Exit Management
EMP0427,Employee_427,IT,Consultant,2025-02-27,30,End of Contract,2025-02-22,Neutral,Completed,Not Applicable,Pending,,Workforce,Offboarding & Exit Process,Exit Management,Employee Exit Management
EMP0428,Employee_428,Marketing,Manager,2025-09-10,60,End of Contract,2025-09-09,Positive,Completed,Not Applicable,Processed,,Workforce,Offboarding & Exit Process,Exit Management,Employee Exit Management
EMP0429,Employee_429,IT,Consultant,2025-09-28,30,Termination,2025-09-25,Positive,Completed,Completed,On Hold,,Workforce,Offboarding & Exit Process,Exit Management,Employee Exit Management
EMP0430,Employee_430,IT,Consultant,2025-10-08,45,Resignation,2025-10-06,Neutral,Pending,Completed,Processed,,Workforce,Offboarding & Exit Process,Exit Management,Employee Exit Management
EMP0431,Employee_431,HR,Executive,2025-07-07,60,End of Contract,2025-07-04,Neutral,Not Applicable,Not Applicable,Pending,,Workforce,Offboarding & Exit Process,Exit Management,Employee Exit Management
EMP0432,Employee_432,HR,Analyst,2025-03-01,60,Termination,2025-02-27,Negative,Pending,In Progress,Processed,,Workforce,Offboarding & Exit Process,Exit Management,Employee Exit Management
EMP0433,Employee_433,HR,Consultant,2025-05-17,90,Termination,2025-05-17,Negative,Not Applicable,In Progress,Processed,,Workforce,Offboarding & Exit Process,Exit Management,Employee Exit Management
EMP0434,Employee_434,Operations,Manager,2025-01-24,90,Resignation,2025-01-21,Negative,Not Applicable,In Progress,Processed,,Workforce,Offboarding & Exit Process,Exit Management,Employee Exit Management
EMP0435,Employee_435,HR,Engineer,2025-03-13,45,Mutual Separation,2025-03-07,Neutral,Not Applicable,In Progress,Pending,,Workforce,Offboarding & Exit Process,Exit Management,Employee Exit Management
EMP0436,Employee_436,Marketing,Analyst,2025-01-22,60,End of Contract,2025-01-15,Neutral,Pending,In Progress,Processed,,Workforce,Offboarding & Exit Process,Exit Management,Employee Exit Management
EMP0437,Employee_437,Finance,Manager,2025-03-12,45,Resignation,2025-03-11,Positive,Pending,In Progress,Processed,,Workforce,Offboarding & Exit Process,Exit Management,Employee Exit Management
EMP0438,Employee_438,Sales,Assistant,2024-11-05,30,Termination,2024-11-02,Positive,Completed,Completed,Processed,,Workforce,Offboarding & Exit Process,Exit Management,Employee Exit Management
EMP0439,Employee_439,IT,Analyst,2025-09-01,45,Resignation,2025-08-26,Neutral,Pending,Completed,On Hold,,Workforce,Offboarding & Exit Process,Exit Management,Employee Exit Management
EMP0440,Employee_440,HR,Analyst,2025-03-11,60,Mutual Separation,2025-03-11,Negative,Completed,Completed,Pending,,Workforce,Offboarding & Exit Process,Exit Management,Employee Exit Management
EMP0441,Employee_441,IT,Engineer,2025-02-08,90,End of Contract,2025-02-05,Positive,Completed,Not Applicable,On Hold,,Workforce,Offboarding & Exit Process,Exit Management,Employee Exit Management
EMP0442,Employee_442,Finance,Assistant,2025-04-24,60,End of Contract,2025-04-23,Neutral,Pending,Not Applicable,Processed,,Workforce,Offboarding & Exit Process,Exit Management,Employee Exit Management
EMP0443,Employee_443,Operations,Manager,2025-08-29,60,Mutual Separation,2025-08-28,Neutral,Completed,Completed,Processed,,Workforce,Offboarding & Exit Process,Exit Management,Employee Exit Management
EMP0444,Employee_444,Finance,Manager,2024-11-18,45,Mutual Separation,2024-11-18,Negative,Completed,In Progress,Processed,,Workforce,Offboarding & Exit Process,Exit Management,Employee Exit Management
EMP0445,Employee_445,Sales,Executive,2025-04-02,60,End of Contract,2025-03-31,Negative,Not Applicable,In Progress,On Hold,,Workforce,Offboarding & Exit Process,Exit Management,Employee Exit Management
EMP0446,Employee_446,IT,Engineer,2025-10-08,90,Mutual Separation,2025-10-01,Neutral,Not Applicable,In Progress,On Hold,,Workforce,Offboarding & Exit Process,Exit Management,Employee Exit Management
EMP0447,Employee_447,HR,Executive,2025-06-11,30,End of Contract,2025-06-05,Neutral,Pending,Completed,On Hold,,Workforce,Offboarding & Exit Process,Exit Management,Employee Exit Management
EMP0448,Employee_448,Marketing,Assistant,2025-09-14,45,End of Contract,2025-09-12,Negative,Not Applicable,Completed,Processed,,Workforce,Offboarding & Exit Process,Exit Management,Employee Exit Management
EMP0449,Employee_449,Marketing,Assistant,2024-12-20,45,Resignation,2024-12-18,Positive,Completed,Completed,Processed,,Workforce,Offboarding & Exit Process,Exit Management,Employee Exit Management
EMP0450,Employee_450,Sales,Executive,2024-12-12,90,Retirement,2024-12-07,Negative,Not Applicable,Not Applicable,On Hold,,Workforce,Offboarding & Exit Process,Exit Management,Employee Exit Management
EMP0451,Employee_451,Marketing,Consultant,2025-08-14,30,Resignation,2025-08-07,Negative,Pending,Not Applicable,Processed,,Workforce,Offboarding & Exit Process,Exit Management,Employee Exit Management
EMP0452,Employee_452,Sales,Executive,2025-02-13,45,Mutual Separation,2025-02-09,Positive,Completed,Not Applicable,On Hold,,Workforce,Offboarding & Exit Process,Exit Management,Employee Exit Management
EMP0453,Employee_453,Marketing,Manager,2025-09-23,60,End of Contract,2025-09-23,Positive,Not Applicable,Completed,On Hold,,Workforce,Offboarding & Exit Process,Exit Management,Employee Exit Management
EMP0454,Employee_454,HR,Assistant,2025-01-11,45,Resignation,2025-01-10,Positive,Not Applicable,Not Applicable,Pending,,Workforce,Offboarding & Exit Process,Exit Management,Employee Exit Management
EMP0455,Employee_455,IT,Engineer,2025-05-24,30,Mutual Separation,2025-05-21,Neutral,Pending,In Progress,Pending,,Workforce,Offboarding & Exit Process,Exit Management,Employee Exit Management
EMP0456,Employee_456,Finance,Manager,2024-11-17,30,End of Contract,2024-11-15,Neutral,Completed,In Progress,Pending,,Workforce,Offboarding & Exit Process,Exit Management,Employee Exit Management
EMP0457,Employee_457,Marketing,Assistant,2025-05-17,45,Mutual Separation,2025-05-14,Positive,Pending,Not Applicable,On Hold,,Workforce,Offboarding & Exit Process,Exit Management,Employee Exit Management
EMP0458,Employee_458,HR,Analyst,2025-07-11,45,End of Contract,2025-07-11,Positive,Pending,In Progress,Pending,,Workforce,Offboarding & Exit Process,Exit Management,Employee Exit Management
EMP0459,Employee_459,HR,Engineer,2025-08-30,45,Termination,2025-08-25,Positive,Pending,In Progress,Processed,,Workforce,Offboarding & Exit Process,Exit Management,Employee Exit Management
EMP0460,Employee_460,Finance,Assistant,2024-11-08,60,Termination,2024-11-03,Positive,Completed,In Progress,Pending,,Workforce,Offboarding & Exit Process,Exit Management,Employee Exit Management
EMP0461,Employee_461,Operations,Consultant,2024-11-22,30,Termination,2024-11-16,Negative,Completed,Completed,Pending,,Workforce,Offboarding & Exit Process,Exit Management,Employee Exit Management
EMP0462,Employee_462,Marketing,Manager,2025-03-10,45,Termination,2025-03-07,Positive,Completed,Completed,Processed,,Workforce,Offboarding & Exit Process,Exit Management,Employee Exit Management
EMP0463,Employee_463,Finance,Assistant,2025-06-14,45,Termination,2025-06-08,Positive,Pending,Completed,Pending,,Workforce,Offboarding & Exit Process,Exit Management,Employee Exit Management
EMP0464,Employee_464,HR,Analyst,2025-02-24,45,Termination,2025-02-19,Neutral,Pending,In Progress,On Hold,,Workforce,Offboarding & Exit Process,Exit Management,Employee Exit Management
EMP0465,Employee_465,Finance,Consultant,2024-12-02,30,End of Contract,2024-11-27,Neutral,Completed,Not Applicable,Pending,,Workforce,Offboarding & Exit Process,Exit Management,Employee Exit Management
EMP0466,Employee_466,Operations,Assistant,2024-12-11,45,Resignation,2024-12-07,Negative,Pending,In Progress,Pending,,Workforce,Offboarding & Exit Process,Exit Management,Employee Exit Management
EMP0467,Employee_467,Sales,Executive,2025-09-16,30,End of Contract,2025-09-09,Neutral,Pending,Completed,Processed,,Workforce,Offboarding & Exit Process,Exit Management,Employee Exit Management
EMP0468,Employee_468,Sales,Consultant,2025-05-14,90,Termination,2025-05-10,Positive,Pending,Completed,Processed,,Workforce,Offboarding & Exit Process,Exit Management,Employee Exit Management
EMP0469,Employee_469,Sales,Engineer,2025-02-13,90,Retirement,2025-02-10,Positive,Pending,Not Applicable,Processed,,Workforce,Offboarding & Exit Process,Exit Management,Employee Exit Management
EMP0470,Employee_470,Sales,Analyst,2025-07-30,45,Mutual Separation,2025-07-24,Positive,Completed,Not Applicable,On Hold,,Workforce,Offboarding & Exit Process,Exit Management,Employee Exit Management
EMP0471,Employee_471,HR,Assistant,2025-02-17,30,Resignation,2025-02-11,Neutral,Pending,Not Applicable,On Hold,,Workforce,Offboarding & Exit Process,Exit Management,Employee Exit Management
EMP0472,Employee_472,IT,Executive,2025-03-09,60,End of Contract,2025-03-03,Neutral,Completed,In Progress,Pending,,Workforce,Offboarding & Exit Process,Exit Management,Employee Exit Management
EMP0473,Employee_473,Operations,Executive,2025-02-02,90,Mutual Separation,2025-01-26,Positive,Not Applicable,Completed,On Hold,,Workforce,Offboarding & Exit Process,Exit Management,Employee Exit Management
EMP0474,Employee_474,Marketing,Manager,2024-10-19,60,Mutual Separation,2024-10-14,Positive,Pending,Not Applicable,Pending,,Workforce,Offboarding & Exit Process,Exit Management,Employee Exit Management
EMP0475,Employee_475,Finance,Engineer,2025-03-23,90,Mutual Separation,2025-03-17,Positive,Not Applicable,In Progress,Pending,,Workforce,Offboarding & Exit Process,Exit Management,Employee Exit Management
EMP0476,Employee_476,HR,Assistant,2025-06-08,90,End of Contract,2025-06-03,Positive,Pending,Completed,On Hold,,Workforce,Offboarding & Exit Process,Exit Management,Employee Exit Management
EMP0477,Employee_477,HR,Assistant,2025-05-19,30,End of Contract,2025-05-19,Positive,Not Applicable,Not Applicable,On Hold,,Workforce,Offboarding & Exit Process,Exit Management,Employee Exit Management
EMP0478,Employee_478,Finance,Analyst,2025-02-01,60,Resignation,2025-01-28,Positive,Pending,Completed,On Hold,,Workforce,Offboarding & Exit Process,Exit Management,Employee Exit Management
EMP0479,Employee_479,HR,Analyst,2025-05-23,45,End of Contract,2025-05-21,Neutral,Not Applicable,Completed,Pending,,Workforce,Offboarding & Exit Process,Exit Management,Employee Exit Management
EMP0480,Employee_480,Marketing,Engineer,2024-12-29,90,Termination,2024-12-27,Negative,Completed,Not Applicable,Processed,,Workforce,Offboarding & Exit Process,Exit Management,Employee Exit Management
EMP0481,Employee_481,Marketing,Assistant,2025-04-09,60,Mutual Separation,2025-04-04,Positive,Pending,Completed,Pending,,Workforce,Offboarding & Exit Process,Exit Management,Employee Exit Management
EMP0482,Employee_482,IT,Consultant,2024-12-31,45,End of Contract,2024-12-30,Neutral,Completed,Not Applicable,Processed,,Workforce,Offboarding & Exit Process,Exit Management,Employee Exit Management
EMP0483,Employee_483,Marketing,Manager,2025-04-02,90,Mutual Separation,2025-04-02,Negative,Not Applicable,Not Applicable,Pending,,Workforce,Offboarding & Exit Process,Exit Management,Employee Exit Management
EMP0484,Employee_484,Operations,Manager,2025-02-01,30,Retirement,2025-01-26,Positive,Completed,Not Applicable,Pending,,Workforce,Offboarding & Exit Process,Exit Management,Employee Exit Management
EMP0485,Employee_485,Marketing,Engineer,2024-11-30,60,Resignation,2024-11-30,Positive,Completed,Completed,Processed,,Workforce,Offboarding & Exit Process,Exit Management,Employee Exit Management
EMP0486,Employee_486,IT,Assistant,2025-01-13,30,Resignation,2025-01-06,Neutral,Pending,In Progress,Pending,,Workforce,Offboarding & Exit Process,Exit Management,Employee Exit Management
EMP0487,Employee_487,Finance,Assistant,2025-06-28,45,Retirement,2025-06-27,Neutral,Completed,Not Applicable,Pending,,Workforce,Offboarding & Exit Process,Exit Management,Employee Exit Management
EMP0488,Employee_488,Marketing,Executive,2025-04-09,90,End of Contract,2025-04-09,Positive,Pending,Not Applicable,Pending,,Workforce,Offboarding & Exit Process,Exit Management,Employee Exit Management
EMP0489,Employee_489,IT,Manager,2025-03-07,90,Resignation,2025-03-07,Negative,Pending,In Progress,Processed,,Workforce,Offboarding & Exit Process,Exit Management,Employee Exit Management
EMP0490,Employee_490,Operations,Assistant,2025-02-23,45,Resignation,2025-02-18,Positive,Completed,Not Applicable,Processed,,Workforce,Offboarding & Exit Process,Exit Management,Employee Exit Management
EMP0491,Employee_491,Finance,Engineer,2025-04-20,60,Retirement,2025-04-20,Neutral,Not Applicable,Completed,Pending,,Workforce,Offboarding & Exit Process,Exit Management,Employee Exit Management
EMP0492,Employee_492,Finance,Analyst,2025-01-21,90,Mutual Separation,2025-01-19,Positive,Not Applicable,Not Applicable,Pending,,Workforce,Offboarding & Exit Process,Exit Management,Employee Exit Management
EMP0493,Employee_493,Marketing,Assistant,2025-02-18,60,Retirement,2025-02-18,Positive,Pending,Completed,On Hold,,Workforce,Offboarding & Exit Process,Exit Management,Employee Exit Management
EMP0494,Employee_494,IT,Manager,2025-02-26,60,Resignation,2025-02-21,Neutral,Completed,In Progress,Pending,,Workforce,Offboarding & Exit Process,Exit Management,Employee Exit Management
EMP0495,Employee_495,HR,Engineer,2025-05-08,45,Termination,2025-05-06,Negative,Pending,Not Applicable,On Hold,,Workforce,Offboarding & Exit Process,Exit Management,Employee Exit Management
EMP0496,Employee_496,Marketing,Engineer,2025-02-21,60,Termination,2025-02-19,Negative,Not Applicable,Not Applicable,Pending,,Workforce,Offboarding & Exit Process,Exit Management,Employee Exit Management
EMP0497,Employee_497,Marketing,Executive,2024-11-16,90,Termination,2024-11-09,Positive,Completed,In Progress,Processed,,Workforce,Offboarding & Exit Process,Exit Management,Employee Exit Management
EMP0498,Employee_498,Finance,Consultant,2024-11-14,60,Mutual Separation,2024-11-14,Negative,Pending,Completed,Pending,,Workforce,Offboarding & Exit Process,Exit Management,Employee Exit Management
EMP0499,Employee_499,Operations,Executive,2025-09-25,90,Mutual Separation,2025-09-18,Positive,Pending,In Progress,Pending,,Workforce,Offboarding & Exit Process,Exit Management,Employee Exit Management
EMP0500,Employee_500,IT,Executive,2025-02-25,30,Resignation,2025-02-24,Neutral,Completed,In Progress,Pending,,Workforce,Offboarding & Exit Process,Exit Management,Employee Exit Management
