Employee_ID,Employee_Name,Department,Job_Role,Month,Year,Total_Working_Days,Present_Days,Absent_Days,Leave_Days,Late_Marks,Average_Work_Hours,Overtime_Hours,Shift_Type,Performance_Score,Data_Segment,Value_Domain,Data_Domain,Data_Value
EMP0001,Employee_1,Operations,Assistant,July,2025,30,21,9,3,2,7.6,4.47,Day,2.65,Workforce,Time & Attendance Management,Employee Administration,Time and Attendance Management of Employee
EMP0002,Employee_2,Sales,Manager,September,2025,30,29,1,3,4,8.3,11.71,Flexible,4.52,Workforce,Time & Attendance Management,Employee Administration,Time and Attendance Management of Employee
EMP0003,Employee_3,Finance,Assistant,October,2025,30,26,4,4,2,7.7,6.59,Flexible,2.81,Workforce,Time & Attendance Management,Employee Administration,Time and Attendance Management of Employee
EMP0004,Employee_4,Sales,Engineer,August,2025,30,23,7,4,0,7.0,1.61,Night,3.7,Workforce,Time & Attendance Management,Employee Administration,Time and Attendance Management of Employee
EMP0005,Employee_5,Finance,Executive,October,2025,30,21,9,2,0,7.1,15.51,Day,4.81,Workforce,Time & Attendance Management,Employee Administration,Time and Attendance Management of Employee
EMP0006,Employee_6,Marketing,Consultant,October,2025,30,26,4,2,3,8.7,1.8,Day,3.22,Workforce,Time & Attendance Management,Employee Administration,Time and Attendance Management of Employee
EMP0007,Employee_7,HR,Analyst,August,2025,30,27,3,0,4,8.7,11.27,Flexible,2.55,Workforce,Time & Attendance Management,Employee Administration,Time and Attendance Management of Employee
EMP0008,Employee_8,Finance,Consultant,July,2025,30,27,3,1,2,7.3,3.0,Day,3.35,Workforce,Time & Attendance Management,Employee Administration,Time and Attendance Management of Employee
EMP0009,Employee_9,HR,Engineer,July,2025,30,29,1,0,3,6.5,5.14,Night,3.56,Workforce,Time & Attendance Management,Employee Administration,Time and Attendance Management of Employee
EMP0010,Employee_10,HR,Analyst,August,2025,30,29,1,0,5,8.6,12.74,Flexible,3.21,Workforce,Time & Attendance Management,Employee Administration,Time and Attendance Management of Employee
EMP0011,Employee_11,Operations,Executive,July,2025,30,24,6,2,2,6.8,6.5,Flexible,4.16,Workforce,Time & Attendance Management,Employee Administration,Time and Attendance Management of Employee
EMP0012,Employee_12,Sales,Analyst,October,2025,30,30,0,1,4,7.2,14.86,Day,2.54,Workforce,Time & Attendance Management,Employee Administration,Time and Attendance Management of Employee
EMP0013,Employee_13,Operations,Engineer,October,2025,30,27,3,3,2,8.0,19.22,Flexible,4.11,Workforce,Time & Attendance Management,Employee Administration,Time and Attendance Management of Employee
EMP0014,Employee_14,Sales,Analyst,August,2025,30,24,6,3,5,7.0,19.49,Day,4.58,Workforce,Time & Attendance Management,Employee Administration,Time and Attendance Management of Employee
EMP0015,Employee_15,Marketing,Manager,September,2025,30,24,6,3,0,8.4,15.74,Flexible,4.71,Workforce,Time & Attendance Management,Employee Administration,Time and Attendance Management of Employee
EMP0016,Employee_16,Sales,Consultant,September,2025,30,28,2,3,5,8.3,9.74,Night,3.32,Workforce,Time & Attendance Management,Employee Administration,Time and Attendance Management of Employee
EMP0017,Employee_17,Sales,Consultant,September,2025,30,26,4,4,3,8.1,18.95,Day,3.71,Workforce,Time & Attendance Management,Employee Administration,Time and Attendance Management of Employee
EMP0018,Employee_18,Operations,Analyst,September,2025,30,29,1,5,0,8.9,16.62,Night,3.0,Workforce,Time & Attendance Management,Employee Administration,Time and Attendance Management of Employee
EMP0019,Employee_19,Operations,Assistant,September,2025,30,26,4,3,1,8.0,13.93,Flexible,4.31,Workforce,Time & Attendance Management,Employee Administration,Time and Attendance Management of Employee
EMP0020,Employee_20,IT,Engineer,September,2025,30,23,7,5,1,6.9,9.13,Flexible,3.33,Workforce,Time & Attendance Management,Employee Administration,Time and Attendance Management of Employee
EMP0021,Employee_21,IT,Manager,September,2025,30,30,0,5,3,7.5,11.45,Night,2.62,Workforce,Time & Attendance Management,Employee Administration,Time and Attendance Management of Employee
EMP0022,Employee_22,IT,Engineer,August,2025,30,23,7,4,0,6.2,7.33,Day,4.63,Workforce,Time & Attendance Management,Employee Administration,Time and Attendance Management of Employee
EMP0023,Employee_23,Operations,Assistant,July,2025,30,24,6,4,1,9.0,1.93,Day,2.9,Workforce,Time & Attendance Management,Employee Administration,Time and Attendance Management of Employee
EMP0024,Employee_24,Finance,Engineer,September,2025,30,21,9,5,3,8.0,19.33,Day,2.82,Workforce,Time & Attendance Management,Employee Administration,Time and Attendance Management of Employee
EMP0025,Employee_25,Marketing,Executive,October,2025,30,23,7,0,5,8.8,1.45,Night,3.95,Workforce,Time & Attendance Management,Employee Administration,Time and Attendance Management of Employee
EMP0026,Employee_26,IT,Analyst,July,2025,30,21,9,4,5,6.7,2.65,Day,2.82,Workforce,Time & Attendance Management,Employee Administration,Time and Attendance Management of Employee
EMP0027,Employee_27,Sales,Executive,July,2025,30,22,8,2,1,7.0,1.03,Night,3.57,Workforce,Time & Attendance Management,Employee Administration,Time and Attendance Management of Employee
EMP0028,Employee_28,Marketing,Manager,October,2025,30,27,3,1,1,7.6,0.7,Day,3.46,Workforce,Time & Attendance Management,Employee Administration,Time and Attendance Management of Employee
EMP0029,Employee_29,Marketing,Manager,September,2025,30,21,9,5,1,6.1,6.09,Night,4.82,Workforce,Time & Attendance Management,Employee Administration,Time and Attendance Management of Employee
EMP0030,Employee_30,Finance,Consultant,September,2025,30,30,0,3,0,7.6,7.52,Flexible,2.62,Workforce,Time & Attendance Management,Employee Administration,Time and Attendance Management of Employee
EMP0031,Employee_31,Operations,Consultant,October,2025,30,24,6,1,4,7.2,15.28,Flexible,3.83,Workforce,Time & Attendance Management,Employee Administration,Time and Attendance Management of Employee
EMP0032,Employee_32,HR,Engineer,October,2025,30,29,1,2,1,8.8,12.65,Night,4.84,Workforce,Time & Attendance Management,Employee Administration,Time and Attendance Management of Employee
EMP0033,Employee_33,Marketing,Manager,July,2025,30,23,7,3,2,8.8,5.23,Night,3.01,Workforce,Time & Attendance Management,Employee Administration,Time and Attendance Management of Employee
EMP0034,Employee_34,Operations,Executive,July,2025,30,26,4,1,4,6.8,17.15,Night,3.9,Workforce,Time & Attendance Management,Employee Administration,Time and Attendance Management of Employee
EMP0035,Employee_35,Marketing,Executive,September,2025,30,27,3,2,0,8.5,11.25,Day,4.25,Workforce,Time & Attendance Management,Employee Administration,Time and Attendance Management of Employee
EMP0036,Employee_36,HR,Executive,July,2025,30,28,2,3,0,8.1,6.63,Flexible,3.57,Workforce,Time & Attendance Management,Employee Administration,Time and Attendance Management of Employee
EMP0037,Employee_37,IT,Consultant,August,2025,30,23,7,0,1,7.6,15.12,Day,3.65,Workforce,Time & Attendance Management,Employee Administration,Time and Attendance Management of Employee
EMP0038,Employee_38,IT,Consultant,October,2025,30,25,5,5,3,6.0,10.29,Night,3.42,Workforce,Time & Attendance Management,Employee Administration,Time and Attendance Management of Employee
EMP0039,Employee_39,Finance,Engineer,October,2025,30,27,3,2,2,6.5,8.12,Night,2.55,Workforce,Time & Attendance Management,Employee Administration,Time and Attendance Management of Employee
EMP0040,Employee_40,Marketing,Executive,September,2025,30,26,4,2,2,8.9,10.74,Flexible,3.51,Workforce,Time & Attendance Management,Employee Administration,Time and Attendance Management of Employee
EMP0041,Employee_41,Finance,Manager,August,2025,30,27,3,4,3,9.0,11.66,Flexible,3.5,Workforce,Time & Attendance Management,Employee Administration,Time and Attendance Management of Employee
EMP0042,Employee_42,HR,Engineer,July,2025,30,25,5,0,5,7.2,4.12,Day,4.2,Workforce,Time & Attendance Management,Employee Administration,Time and Attendance Management of Employee
EMP0043,Employee_43,Sales,Consultant,July,2025,30,26,4,1,3,6.3,6.45,Flexible,3.38,Workforce,Time & Attendance Management,Employee Administration,Time and Attendance Management of Employee
EMP0044,Employee_44,Operations,Executive,July,2025,30,22,8,3,3,6.2,1.04,Night,3.41,Workforce,Time & Attendance Management,Employee Administration,Time and Attendance Management of Employee
EMP0045,Employee_45,Marketing,Consultant,July,2025,30,23,7,5,5,8.7,17.3,Flexible,3.64,Workforce,Time & Attendance Management,Employee Administration,Time and Attendance Management of Employee
EMP0046,Employee_46,Operations,Engineer,July,2025,30,30,0,5,2,7.6,16.14,Night,4.89,Workforce,Time & Attendance Management,Employee Administration,Time and Attendance Management of Employee
EMP0047,Employee_47,Marketing,Executive,July,2025,30,27,3,3,3,8.8,7.97,Flexible,2.86,Workforce,Time & Attendance Management,Employee Administration,Time and Attendance Management of Employee
EMP0048,Employee_48,Operations,Analyst,October,2025,30,25,5,4,0,8.0,12.77,Day,3.01,Workforce,Time & Attendance Management,Employee Administration,Time and Attendance Management of Employee
EMP0049,Employee_49,Marketing,Assistant,July,2025,30,21,9,0,2,6.4,5.75,Night,2.69,Workforce,Time & Attendance Management,Employee Administration,Time and Attendance Management of Employee
EMP0050,Employee_50,Finance,Analyst,July,2025,30,30,0,3,2,6.9,0.35,Flexible,3.46,Workforce,Time & Attendance Management,Employee Administration,Time and Attendance Management of Employee
EMP0051,Employee_51,Sales,Manager,October,2025,30,27,3,3,5,8.7,14.94,Flexible,4.22,Workforce,Time & Attendance Management,Employee Administration,Time and Attendance Management of Employee
EMP0052,Employee_52,Operations,Consultant,October,2025,30,28,2,0,0,6.7,9.79,Night,3.49,Workforce,Time & Attendance Management,Employee Administration,Time and Attendance Management of Employee
EMP0053,Employee_53,Marketing,Manager,September,2025,30,28,2,0,0,7.0,9.72,Night,4.66,Workforce,Time & Attendance Management,Employee Administration,Time and Attendance Management of Employee
EMP0054,Employee_54,Finance,Engineer,October,2025,30,26,4,3,3,8.5,3.02,Night,4.0,Workforce,Time & Attendance Management,Employee Administration,Time and Attendance Management of Employee
EMP0055,Employee_55,Operations,Analyst,July,2025,30,29,1,0,5,7.2,11.42,Night,2.77,Workforce,Time & Attendance Management,Employee Administration,Time and Attendance Management of Employee
EMP0056,Employee_56,IT,Engineer,August,2025,30,25,5,4,5,8.0,18.55,Flexible,3.84,Workforce,Time & Attendance Management,Employee Administration,Time and Attendance Management of Employee
EMP0057,Employee_57,HR,Executive,July,2025,30,26,4,5,0,8.3,1.94,Night,3.96,Workforce,Time & Attendance Management,Employee Administration,Time and Attendance Management of Employee
EMP0058,Employee_58,IT,Analyst,September,2025,30,20,10,2,2,7.2,13.0,Flexible,4.98,Workforce,Time & Attendance Management,Employee Administration,Time and Attendance Management of Employee
EMP0059,Employee_59,Sales,Assistant,July,2025,30,24,6,2,5,8.9,3.53,Day,3.6,Workforce,Time & Attendance Management,Employee Administration,Time and Attendance Management of Employee
EMP0060,Employee_60,Operations,Manager,September,2025,30,29,1,2,4,8.7,14.26,Day,4.53,Workforce,Time & Attendance Management,Employee Administration,Time and Attendance Management of Employee
EMP0061,Employee_61,Operations,Manager,July,2025,30,26,4,5,4,7.1,10.12,Day,4.68,Workforce,Time & Attendance Management,Employee Administration,Time and Attendance Management of Employee
EMP0062,Employee_62,IT,Executive,August,2025,30,23,7,3,2,6.7,12.45,Night,3.35,Workforce,Time & Attendance Management,Employee Administration,Time and Attendance Management of Employee
EMP0063,Employee_63,HR,Manager,September,2025,30,26,4,1,2,8.1,13.96,Flexible,4.46,Workforce,Time & Attendance Management,Employee Administration,Time and Attendance Management of Employee
EMP0064,Employee_64,IT,Manager,August,2025,30,28,2,5,1,8.6,8.08,Flexible,3.03,Workforce,Time & Attendance Management,Employee Administration,Time and Attendance Management of Employee
EMP0065,Employee_65,Operations,Consultant,July,2025,30,24,6,4,2,6.3,12.14,Night,3.69,Workforce,Time & Attendance Management,Employee Administration,Time and Attendance Management of Employee
EMP0066,Employee_66,Marketing,Analyst,August,2025,30,22,8,3,1,8.8,12.51,Flexible,2.79,Workforce,Time & Attendance Management,Employee Administration,Time and Attendance Management of Employee
EMP0067,Employee_67,IT,Assistant,September,2025,30,25,5,3,1,7.8,6.34,Day,3.34,Workforce,Time & Attendance Management,Employee Administration,Time and Attendance Management of Employee
EMP0068,Employee_68,IT,Manager,July,2025,30,25,5,4,3,6.9,1.95,Night,2.78,Workforce,Time & Attendance Management,Employee Administration,Time and Attendance Management of Employee
EMP0069,Employee_69,Finance,Executive,September,2025,30,23,7,0,4,8.9,5.53,Day,4.87,Workforce,Time & Attendance Management,Employee Administration,Time and Attendance Management of Employee
EMP0070,Employee_70,IT,Engineer,October,2025,30,30,0,3,5,7.1,14.38,Night,3.13,Workforce,Time & Attendance Management,Employee Administration,Time and Attendance Management of Employee
EMP0071,Employee_71,IT,Assistant,August,2025,30,21,9,4,0,7.5,11.98,Night,4.33,Workforce,Time & Attendance Management,Employee Administration,Time and Attendance Management of Employee
EMP0072,Employee_72,Finance,Engineer,September,2025,30,30,0,1,2,6.4,4.92,Flexible,2.95,Workforce,Time & Attendance Management,Employee Administration,Time and Attendance Management of Employee
EMP0073,Employee_73,IT,Executive,October,2025,30,24,6,5,2,8.8,15.82,Flexible,2.73,Workforce,Time & Attendance Management,Employee Administration,Time and Attendance Management of Employee
EMP0074,Employee_74,Sales,Consultant,October,2025,30,24,6,2,3,7.5,13.87,Day,4.61,Workforce,Time & Attendance Management,Employee Administration,Time and Attendance Management of Employee
EMP0075,Employee_75,HR,Manager,August,2025,30,23,7,3,5,8.9,15.9,Night,3.19,Workforce,Time & Attendance Management,Employee Administration,Time and Attendance Management of Employee
EMP0076,Employee_76,Marketing,Executive,October,2025,30,30,0,1,3,6.8,11.43,Flexible,4.03,Workforce,Time & Attendance Management,Employee Administration,Time and Attendance Management of Employee
EMP0077,Employee_77,Marketing,Consultant,July,2025,30,30,0,4,3,7.8,19.73,Day,2.84,Workforce,Time & Attendance Management,Employee Administration,Time and Attendance Management of Employee
EMP0078,Employee_78,IT,Manager,August,2025,30,28,2,5,3,8.7,2.38,Day,4.43,Workforce,Time & Attendance Management,Employee Administration,Time and Attendance Management of Employee
EMP0079,Employee_79,HR,Assistant,July,2025,30,28,2,2,4,7.4,17.13,Flexible,4.71,Workforce,Time & Attendance Management,Employee Administration,Time and Attendance Management of Employee
EMP0080,Employee_80,Sales,Manager,September,2025,30,21,9,3,5,8.6,16.58,Flexible,4.68,Workforce,Time & Attendance Management,Employee Administration,Time and Attendance Management of Employee
EMP0081,Employee_81,Finance,Analyst,October,2025,30,20,10,2,4,6.1,10.5,Night,4.0,Workforce,Time & Attendance Management,Employee Administration,Time and Attendance Management of Employee
EMP0082,Employee_82,IT,Analyst,July,2025,30,27,3,5,0,8.3,6.78,Day,4.66,Workforce,Time & Attendance Management,Employee Administration,Time and Attendance Management of Employee
EMP0083,Employee_83,Finance,Analyst,September,2025,30,27,3,2,1,6.1,11.75,Day,3.6,Workforce,Time & Attendance Management,Employee Administration,Time and Attendance Management of Employee
EMP0084,Employee_84,IT,Consultant,July,2025,30,27,3,1,3,6.3,3.06,Flexible,4.1,Workforce,Time & Attendance Management,Employee Administration,Time and Attendance Management of Employee
EMP0085,Employee_85,Operations,Assistant,July,2025,30,26,4,2,5,8.5,14.46,Day,3.57,Workforce,Time & Attendance Management,Employee Administration,Time and Attendance Management of Employee
EMP0086,Employee_86,Sales,Executive,August,2025,30,20,10,0,0,6.8,11.67,Flexible,3.74,Workforce,Time & Attendance Management,Employee Administration,Time and Attendance Management of Employee
EMP0087,Employee_87,Operations,Assistant,October,2025,30,29,1,5,4,8.6,1.93,Day,3.55,Workforce,Time & Attendance Management,Employee Administration,Time and Attendance Management of Employee
EMP0088,Employee_88,Marketing,Assistant,October,2025,30,28,2,4,5,6.6,0.82,Day,3.15,Workforce,Time & Attendance Management,Employee Administration,Time and Attendance Management of Employee
EMP0089,Employee_89,Operations,Assistant,August,2025,30,20,10,1,5,7.4,13.28,Day,4.77,Workforce,Time & Attendance Management,Employee Administration,Time and Attendance Management of Employee
EMP0090,Employee_90,Sales,Analyst,August,2025,30,23,7,3,4,7.8,15.79,Day,4.62,Workforce,Time & Attendance Management,Employee Administration,Time and Attendance Management of Employee
EMP0091,Employee_91,Operations,Consultant,October,2025,30,25,5,5,0,6.6,17.21,Flexible,4.86,Workforce,Time & Attendance Management,Employee Administration,Time and Attendance Management of Employee
EMP0092,Employee_92,HR,Analyst,October,2025,30,21,9,0,1,8.1,15.06,Flexible,4.14,Workforce,Time & Attendance Management,Employee Administration,Time and Attendance Management of Employee
EMP0093,Employee_93,Operations,Manager,August,2025,30,26,4,3,5,7.8,13.46,Day,2.67,Workforce,Time & Attendance Management,Employee Administration,Time and Attendance Management of Employee
EMP0094,Employee_94,Operations,Executive,July,2025,30,21,9,2,1,7.3,9.24,Day,4.52,Workforce,Time & Attendance Management,Employee Administration,Time and Attendance Management of Employee
EMP0095,Employee_95,HR,Manager,July,2025,30,24,6,5,5,6.2,14.52,Day,4.74,Workforce,Time & Attendance Management,Employee Administration,Time and Attendance Management of Employee
EMP0096,Employee_96,Marketing,Analyst,July,2025,30,20,10,3,4,6.2,10.64,Night,3.69,Workforce,Time & Attendance Management,Employee Administration,Time and Attendance Management of Employee
EMP0097,Employee_97,HR,Manager,September,2025,30,25,5,4,1,7.2,16.26,Night,3.89,Workforce,Time & Attendance Management,Employee Administration,Time and Attendance Management of Employee
EMP0098,Employee_98,Operations,Consultant,August,2025,30,27,3,4,3,8.8,7.78,Night,3.97,Workforce,Time & Attendance Management,Employee Administration,Time and Attendance Management of Employee
EMP0099,Employee_99,IT,Consultant,October,2025,30,25,5,2,3,7.4,5.04,Night,3.27,Workforce,Time & Attendance Management,Employee Administration,Time and Attendance Management of Employee
EMP0100,Employee_100,HR,Engineer,October,2025,30,28,2,2,2,8.7,0.92,Night,4.46,Workforce,Time & Attendance Management,Employee Administration,Time and Attendance Management of Employee
EMP0101,Employee_101,IT,Consultant,September,2025,30,27,3,2,5,8.8,12.12,Day,2.69,Workforce,Time & Attendance Management,Employee Administration,Time and Attendance Management of Employee
EMP0102,Employee_102,IT,Manager,October,2025,30,22,8,5,5,8.8,5.24,Flexible,2.68,Workforce,Time & Attendance Management,Employee Administration,Time and Attendance Management of Employee
EMP0103,Employee_103,Finance,Manager,July,2025,30,25,5,4,0,7.2,12.07,Flexible,3.65,Workforce,Time & Attendance Management,Employee Administration,Time and Attendance Management of Employee
EMP0104,Employee_104,HR,Consultant,August,2025,30,29,1,4,3,7.4,17.76,Day,4.24,Workforce,Time & Attendance Management,Employee Administration,Time and Attendance Management of Employee
EMP0105,Employee_105,Sales,Manager,July,2025,30,22,8,1,5,7.5,18.51,Flexible,2.7,Workforce,Time & Attendance Management,Employee Administration,Time and Attendance Management of Employee
EMP0106,Employee_106,Operations,Consultant,September,2025,30,27,3,4,3,8.2,7.54,Flexible,4.52,Workforce,Time & Attendance Management,Employee Administration,Time and Attendance Management of Employee
EMP0107,Employee_107,Sales,Engineer,July,2025,30,25,5,1,3,8.7,14.26,Day,3.96,Workforce,Time & Attendance Management,Employee Administration,Time and Attendance Management of Employee
EMP0108,Employee_108,Marketing,Assistant,September,2025,30,24,6,5,2,8.0,19.57,Day,3.4,Workforce,Time & Attendance Management,Employee Administration,Time and Attendance Management of Employee
EMP0109,Employee_109,Operations,Assistant,July,2025,30,30,0,5,0,6.2,7.32,Day,3.19,Workforce,Time & Attendance Management,Employee Administration,Time and Attendance Management of Employee
EMP0110,Employee_110,Sales,Executive,October,2025,30,25,5,1,3,7.9,4.97,Flexible,3.31,Workforce,Time & Attendance Management,Employee Administration,Time and Attendance Management of Employee
EMP0111,Employee_111,Operations,Assistant,October,2025,30,24,6,5,1,6.2,18.99,Flexible,4.1,Workforce,Time & Attendance Management,Employee Administration,Time and Attendance Management of Employee
EMP0112,Employee_112,HR,Analyst,September,2025,30,29,1,3,0,6.8,10.87,Flexible,2.99,Workforce,Time & Attendance Management,Employee Administration,Time and Attendance Management of Employee
EMP0113,Employee_113,Operations,Analyst,July,2025,30,24,6,0,2,8.2,13.12,Night,2.99,Workforce,Time & Attendance Management,Employee Administration,Time and Attendance Management of Employee
EMP0114,Employee_114,Marketing,Executive,October,2025,30,23,7,5,0,6.7,5.25,Night,3.19,Workforce,Time & Attendance Management,Employee Administration,Time and Attendance Management of Employee
EMP0115,Employee_115,IT,Executive,September,2025,30,25,5,3,2,6.5,1.52,Day,3.07,Workforce,Time & Attendance Management,Employee Administration,Time and Attendance Management of Employee
EMP0116,Employee_116,HR,Assistant,August,2025,30,29,1,3,5,7.9,3.82,Night,4.77,Workforce,Time & Attendance Management,Employee Administration,Time and Attendance Management of Employee
EMP0117,Employee_117,IT,Manager,July,2025,30,29,1,3,1,7.6,2.36,Day,3.57,Workforce,Time & Attendance Management,Employee Administration,Time and Attendance Management of Employee
EMP0118,Employee_118,Marketing,Manager,September,2025,30,25,5,1,5,7.9,15.16,Night,3.76,Workforce,Time & Attendance Management,Employee Administration,Time and Attendance Management of Employee
EMP0119,Employee_119,Sales,Engineer,October,2025,30,24,6,5,4,7.8,11.35,Night,3.95,Workforce,Time & Attendance Management,Employee Administration,Time and Attendance Management of Employee
EMP0120,Employee_120,HR,Manager,July,2025,30,28,2,4,4,8.8,7.55,Flexible,3.01,Workforce,Time & Attendance Management,Employee Administration,Time and Attendance Management of Employee
EMP0121,Employee_121,Finance,Engineer,August,2025,30,21,9,4,2,6.1,8.87,Day,3.57,Workforce,Time & Attendance Management,Employee Administration,Time and Attendance Management of Employee
EMP0122,Employee_122,Sales,Manager,September,2025,30,22,8,1,2,7.3,3.38,Flexible,3.31,Workforce,Time & Attendance Management,Employee Administration,Time and Attendance Management of Employee
EMP0123,Employee_123,Marketing,Engineer,July,2025,30,25,5,3,1,7.2,2.36,Night,3.01,Workforce,Time & Attendance Management,Employee Administration,Time and Attendance Management of Employee
EMP0124,Employee_124,Sales,Consultant,August,2025,30,25,5,2,0,7.0,6.42,Flexible,3.68,Workforce,Time & Attendance Management,Employee Administration,Time and Attendance Management of Employee
EMP0125,Employee_125,Sales,Assistant,August,2025,30,20,10,3,5,6.4,4.71,Flexible,4.65,Workforce,Time & Attendance Management,Employee Administration,Time and Attendance Management of Employee
EMP0126,Employee_126,Operations,Analyst,August,2025,30,25,5,0,4,6.7,7.73,Day,2.54,Workforce,Time & Attendance Management,Employee Administration,Time and Attendance Management of Employee
EMP0127,Employee_127,Marketing,Assistant,October,2025,30,29,1,1,1,8.7,6.56,Flexible,2.8,Workforce,Time & Attendance Management,Employee Administration,Time and Attendance Management of Employee
EMP0128,Employee_128,HR,Engineer,July,2025,30,20,10,3,5,8.4,16.34,Day,4.43,Workforce,Time & Attendance Management,Employee Administration,Time and Attendance Management of Employee
EMP0129,Employee_129,Operations,Executive,October,2025,30,20,10,1,0,7.5,10.62,Day,4.46,Workforce,Time & Attendance Management,Employee Administration,Time and Attendance Management of Employee
EMP0130,Employee_130,Operations,Executive,July,2025,30,23,7,0,1,8.1,16.84,Night,4.36,Workforce,Time & Attendance Management,Employee Administration,Time and Attendance Management of Employee
EMP0131,Employee_131,Sales,Assistant,July,2025,30,22,8,4,2,6.3,13.62,Day,4.86,Workforce,Time & Attendance Management,Employee Administration,Time and Attendance Management of Employee
EMP0132,Employee_132,HR,Manager,July,2025,30,30,0,3,4,7.3,15.54,Night,3.0,Workforce,Time & Attendance Management,Employee Administration,Time and Attendance Management of Employee
EMP0133,Employee_133,Sales,Manager,July,2025,30,23,7,2,0,8.2,16.1,Day,3.16,Workforce,Time & Attendance Management,Employee Administration,Time and Attendance Management of Employee
EMP0134,Employee_134,Operations,Manager,October,2025,30,20,10,2,2,8.1,13.6,Night,2.84,Workforce,Time & Attendance Management,Employee Administration,Time and Attendance Management of Employee
EMP0135,Employee_135,Operations,Engineer,September,2025,30,29,1,3,5,6.8,3.6,Flexible,3.67,Workforce,Time & Attendance Management,Employee Administration,Time and Attendance Management of Employee
EMP0136,Employee_136,Marketing,Assistant,September,2025,30,22,8,4,0,8.8,3.94,Night,4.73,Workforce,Time & Attendance Management,Employee Administration,Time and Attendance Management of Employee
EMP0137,Employee_137,HR,Engineer,August,2025,30,28,2,0,1,8.4,1.26,Flexible,3.27,Workforce,Time & Attendance Management,Employee Administration,Time and Attendance Management of Employee
EMP0138,Employee_138,IT,Consultant,October,2025,30,29,1,4,1,6.6,13.95,Flexible,4.53,Workforce,Time & Attendance Management,Employee Administration,Time and Attendance Management of Employee
EMP0139,Employee_139,Sales,Analyst,September,2025,30,29,1,3,4,7.8,8.44,Flexible,4.13,Workforce,Time & Attendance Management,Employee Administration,Time and Attendance Management of Employee
EMP0140,Employee_140,Operations,Analyst,September,2025,30,24,6,3,3,6.8,11.31,Day,3.04,Workforce,Time & Attendance Management,Employee Administration,Time and Attendance Management of Employee
EMP0141,Employee_141,IT,Assistant,July,2025,30,20,10,5,3,6.6,4.67,Night,4.99,Workforce,Time & Attendance Management,Employee Administration,Time and Attendance Management of Employee
EMP0142,Employee_142,Operations,Consultant,July,2025,30,20,10,0,2,7.0,17.0,Day,3.93,Workforce,Time & Attendance Management,Employee Administration,Time and Attendance Management of Employee
EMP0143,Employee_143,Marketing,Engineer,October,2025,30,23,7,5,1,8.3,2.79,Night,4.93,Workforce,Time & Attendance Management,Employee Administration,Time and Attendance Management of Employee
EMP0144,Employee_144,Operations,Manager,October,2025,30,22,8,3,4,7.9,14.27,Flexible,2.68,Workforce,Time & Attendance Management,Employee Administration,Time and Attendance Management of Employee
EMP0145,Employee_145,IT,Executive,July,2025,30,22,8,1,4,8.3,14.2,Flexible,2.86,Workforce,Time & Attendance Management,Employee Administration,Time and Attendance Management of Employee
EMP0146,Employee_146,Finance,Engineer,October,2025,30,28,2,0,5,8.4,17.35,Day,3.86,Workforce,Time & Attendance Management,Employee Administration,Time and Attendance Management of Employee
EMP0147,Employee_147,Marketing,Analyst,October,2025,30,22,8,1,3,6.8,15.18,Day,3.09,Workforce,Time & Attendance Management,Employee Administration,Time and Attendance Management of Employee
EMP0148,Employee_148,Operations,Manager,July,2025,30,28,2,5,4,7.3,15.96,Flexible,2.82,Workforce,Time & Attendance Management,Employee Administration,Time and Attendance Management of Employee
EMP0149,Employee_149,HR,Engineer,September,2025,30,26,4,3,0,7.8,8.39,Flexible,2.71,Workforce,Time & Attendance Management,Employee Administration,Time and Attendance Management of Employee
EMP0150,Employee_150,Sales,Manager,August,2025,30,23,7,4,4,7.4,13.59,Day,4.26,Workforce,Time & Attendance Management,Employee Administration,Time and Attendance Management of Employee
EMP0151,Employee_151,Operations,Executive,October,2025,30,21,9,2,3,6.6,2.3,Flexible,2.94,Workforce,Time & Attendance Management,Employee Administration,Time and Attendance Management of Employee
EMP0152,Employee_152,HR,Analyst,August,2025,30,24,6,3,3,8.3,10.41,Day,3.18,Workforce,Time & Attendance Management,Employee Administration,Time and Attendance Management of Employee
EMP0153,Employee_153,Sales,Analyst,July,2025,30,26,4,0,1,7.4,2.77,Night,3.27,Workforce,Time & Attendance Management,Employee Administration,Time and Attendance Management of Employee
EMP0154,Employee_154,Sales,Executive,August,2025,30,21,9,1,3,8.0,2.51,Night,4.01,Workforce,Time & Attendance Management,Employee Administration,Time and Attendance Management of Employee
EMP0155,Employee_155,IT,Engineer,July,2025,30,27,3,3,4,6.5,12.89,Night,2.53,Workforce,Time & Attendance Management,Employee Administration,Time and Attendance Management of Employee
EMP0156,Employee_156,Operations,Analyst,August,2025,30,30,0,2,4,6.3,8.07,Flexible,4.87,Workforce,Time & Attendance Management,Employee Administration,Time and Attendance Management of Employee
EMP0157,Employee_157,Marketing,Assistant,September,2025,30,29,1,0,2,6.3,7.33,Day,4.95,Workforce,Time & Attendance Management,Employee Administration,Time and Attendance Management of Employee
EMP0158,Employee_158,IT,Consultant,August,2025,30,28,2,4,1,8.9,17.29,Day,2.72,Workforce,Time & Attendance Management,Employee Administration,Time and Attendance Management of Employee
EMP0159,Employee_159,Operations,Consultant,July,2025,30,22,8,5,5,7.6,11.03,Day,4.31,Workforce,Time & Attendance Management,Employee Administration,Time and Attendance Management of Employee
EMP0160,Employee_160,IT,Manager,September,2025,30,30,0,5,1,8.6,9.36,Night,3.98,Workforce,Time & Attendance Management,Employee Administration,Time and Attendance Management of Employee
EMP0161,Employee_161,Marketing,Executive,July,2025,30,22,8,0,2,6.5,8.44,Flexible,4.79,Workforce,Time & Attendance Management,Employee Administration,Time and Attendance Management of Employee
EMP0162,Employee_162,Finance,Assistant,July,2025,30,22,8,2,0,6.5,14.71,Flexible,3.88,Workforce,Time & Attendance Management,Employee Administration,Time and Attendance Management of Employee
EMP0163,Employee_163,Marketing,Executive,August,2025,30,25,5,1,3,7.7,6.92,Flexible,3.55,Workforce,Time & Attendance Management,Employee Administration,Time and Attendance Management of Employee
EMP0164,Employee_164,Sales,Engineer,August,2025,30,22,8,4,2,6.9,3.18,Flexible,2.8,Workforce,Time & Attendance Management,Employee Administration,Time and Attendance Management of Employee
EMP0165,Employee_165,IT,Consultant,October,2025,30,25,5,0,4,6.1,3.43,Flexible,2.66,Workforce,Time & Attendance Management,Employee Administration,Time and Attendance Management of Employee
EMP0166,Employee_166,HR,Analyst,September,2025,30,26,4,1,5,8.1,6.33,Night,4.9,Workforce,Time & Attendance Management,Employee Administration,Time and Attendance Management of Employee
EMP0167,Employee_167,HR,Assistant,September,2025,30,21,9,5,4,8.1,17.12,Night,3.36,Workforce,Time & Attendance Management,Employee Administration,Time and Attendance Management of Employee
EMP0168,Employee_168,Finance,Executive,September,2025,30,20,10,4,1,7.7,11.55,Night,3.87,Workforce,Time & Attendance Management,Employee Administration,Time and Attendance Management of Employee
EMP0169,Employee_169,Finance,Manager,July,2025,30,24,6,3,5,7.4,15.13,Day,2.66,Workforce,Time & Attendance Management,Employee Administration,Time and Attendance Management of Employee
EMP0170,Employee_170,IT,Manager,October,2025,30,20,10,0,5,8.5,4.63,Night,4.65,Workforce,Time & Attendance Management,Employee Administration,Time and Attendance Management of Employee
EMP0171,Employee_171,Finance,Assistant,October,2025,30,23,7,2,0,6.9,19.08,Night,3.49,Workforce,Time & Attendance Management,Employee Administration,Time and Attendance Management of Employee
EMP0172,Employee_172,Sales,Consultant,July,2025,30,25,5,5,2,8.7,14.65,Flexible,3.9,Workforce,Time & Attendance Management,Employee Administration,Time and Attendance Management of Employee
EMP0173,Employee_173,IT,Executive,October,2025,30,26,4,2,2,9.0,19.9,Night,3.5,Workforce,Time & Attendance Management,Employee Administration,Time and Attendance Management of Employee
EMP0174,Employee_174,Sales,Analyst,September,2025,30,20,10,4,3,8.2,8.9,Night,4.79,Workforce,Time & Attendance Management,Employee Administration,Time and Attendance Management of Employee
EMP0175,Employee_175,Operations,Assistant,October,2025,30,25,5,0,5,6.6,6.69,Day,4.21,Workforce,Time & Attendance Management,Employee Administration,Time and Attendance Management of Employee
EMP0176,Employee_176,Finance,Analyst,July,2025,30,20,10,1,0,6.7,17.17,Flexible,3.63,Workforce,Time & Attendance Management,Employee Administration,Time and Attendance Management of Employee
EMP0177,Employee_177,Operations,Analyst,August,2025,30,27,3,1,3,6.9,2.67,Day,2.97,Workforce,Time & Attendance Management,Employee Administration,Time and Attendance Management of Employee
EMP0178,Employee_178,Finance,Executive,July,2025,30,27,3,0,3,8.2,2.56,Night,4.38,Workforce,Time & Attendance Management,Employee Administration,Time and Attendance Management of Employee
EMP0179,Employee_179,Operations,Assistant,July,2025,30,27,3,1,0,7.7,7.63,Day,4.4,Workforce,Time & Attendance Management,Employee Administration,Time and Attendance Management of Employee
EMP0180,Employee_180,Finance,Manager,August,2025,30,24,6,3,5,8.9,9.44,Day,3.48,Workforce,Time & Attendance Management,Employee Administration,Time and Attendance Management of Employee
EMP0181,Employee_181,Sales,Engineer,September,2025,30,23,7,2,1,7.1,7.46,Flexible,3.85,Workforce,Time & Attendance Management,Employee Administration,Time and Attendance Management of Employee
EMP0182,Employee_182,Sales,Analyst,August,2025,30,29,1,1,5,7.3,5.58,Night,3.63,Workforce,Time & Attendance Management,Employee Administration,Time and Attendance Management of Employee
EMP0183,Employee_183,Operations,Manager,October,2025,30,23,7,1,4,7.1,19.78,Night,4.56,Workforce,Time & Attendance Management,Employee Administration,Time and Attendance Management of Employee
EMP0184,Employee_184,Finance,Manager,September,2025,30,22,8,5,3,8.0,2.56,Night,4.71,Workforce,Time & Attendance Management,Employee Administration,Time and Attendance Management of Employee
EMP0185,Employee_185,Finance,Assistant,July,2025,30,26,4,2,2,7.0,6.08,Night,4.2,Workforce,Time & Attendance Management,Employee Administration,Time and Attendance Management of Employee
EMP0186,Employee_186,Marketing,Analyst,October,2025,30,27,3,0,1,8.3,12.83,Night,4.28,Workforce,Time & Attendance Management,Employee Administration,Time and Attendance Management of Employee
EMP0187,Employee_187,IT,Engineer,August,2025,30,24,6,2,1,8.3,18.42,Flexible,4.2,Workforce,Time & Attendance Management,Employee Administration,Time and Attendance Management of Employee
EMP0188,Employee_188,Finance,Analyst,August,2025,30,25,5,0,1,7.9,3.23,Day,4.69,Workforce,Time & Attendance Management,Employee Administration,Time and Attendance Management of Employee
EMP0189,Employee_189,Operations,Executive,September,2025,30,28,2,3,1,8.3,4.56,Flexible,3.85,Workforce,Time & Attendance Management,Employee Administration,Time and Attendance Management of Employee
EMP0190,Employee_190,Operations,Manager,July,2025,30,21,9,5,3,8.4,15.75,Flexible,3.89,Workforce,Time & Attendance Management,Employee Administration,Time and Attendance Management of Employee
EMP0191,Employee_191,Sales,Executive,July,2025,30,26,4,4,0,6.3,3.65,Flexible,4.77,Workforce,Time & Attendance Management,Employee Administration,Time and Attendance Management of Employee
EMP0192,Employee_192,IT,Manager,August,2025,30,30,0,1,0,7.5,13.47,Flexible,3.02,Workforce,Time & Attendance Management,Employee Administration,Time and Attendance Management of Employee
EMP0193,Employee_193,Finance,Assistant,September,2025,30,26,4,0,4,6.7,2.53,Night,3.82,Workforce,Time & Attendance Management,Employee Administration,Time and Attendance Management of Employee
EMP0194,Employee_194,Sales,Manager,August,2025,30,24,6,2,4,8.5,12.05,Day,2.79,Workforce,Time & Attendance Management,Employee Administration,Time and Attendance Management of Employee
EMP0195,Employee_195,HR,Analyst,October,2025,30,21,9,5,4,7.2,18.86,Night,3.43,Workforce,Time & Attendance Management,Employee Administration,Time and Attendance Management of Employee
EMP0196,Employee_196,HR,Executive,October,2025,30,29,1,5,2,7.2,8.76,Day,3.82,Workforce,Time & Attendance Management,Employee Administration,Time and Attendance Management of Employee
EMP0197,Employee_197,HR,Engineer,September,2025,30,30,0,5,5,8.0,15.58,Night,3.97,Workforce,Time & Attendance Management,Employee Administration,Time and Attendance Management of Employee
EMP0198,Employee_198,Marketing,Assistant,September,2025,30,26,4,2,3,6.1,5.71,Night,3.44,Workforce,Time & Attendance Management,Employee Administration,Time and Attendance Management of Employee
EMP0199,Employee_199,IT,Executive,September,2025,30,22,8,4,2,7.2,10.96,Day,2.73,Workforce,Time & Attendance Management,Employee Administration,Time and Attendance Management of Employee
EMP0200,Employee_200,Finance,Executive,July,2025,30,28,2,5,2,9.0,2.47,Flexible,3.65,Workforce,Time & Attendance Management,Employee Administration,Time and Attendance Management of Employee
EMP0201,Employee_201,Operations,Manager,July,2025,30,20,10,0,1,7.6,0.03,Flexible,3.6,Workforce,Time & Attendance Management,Employee Administration,Time and Attendance Management of Employee
EMP0202,Employee_202,HR,Executive,July,2025,30,27,3,1,4,8.8,2.41,Flexible,4.65,Workforce,Time & Attendance Management,Employee Administration,Time and Attendance Management of Employee
EMP0203,Employee_203,Marketing,Engineer,July,2025,30,30,0,4,3,7.7,17.38,Night,3.63,Workforce,Time & Attendance Management,Employee Administration,Time and Attendance Management of Employee
EMP0204,Employee_204,HR,Consultant,August,2025,30,25,5,3,3,8.6,12.51,Night,3.28,Workforce,Time & Attendance Management,Employee Administration,Time and Attendance Management of Employee
EMP0205,Employee_205,IT,Engineer,July,2025,30,27,3,3,5,7.0,10.81,Flexible,2.8,Workforce,Time & Attendance Management,Employee Administration,Time and Attendance Management of Employee
EMP0206,Employee_206,Sales,Executive,September,2025,30,22,8,3,0,8.9,3.68,Day,4.58,Workforce,Time & Attendance Management,Employee Administration,Time and Attendance Management of Employee
EMP0207,Employee_207,IT,Consultant,August,2025,30,30,0,5,3,8.8,10.0,Day,4.67,Workforce,Time & Attendance Management,Employee Administration,Time and Attendance Management of Employee
EMP0208,Employee_208,HR,Analyst,August,2025,30,24,6,3,2,6.1,13.07,Flexible,4.14,Workforce,Time & Attendance Management,Employee Administration,Time and Attendance Management of Employee
EMP0209,Employee_209,Sales,Consultant,October,2025,30,30,0,5,1,6.3,19.11,Flexible,4.0,Workforce,Time & Attendance Management,Employee Administration,Time and Attendance Management of Employee
EMP0210,Employee_210,HR,Assistant,July,2025,30,28,2,4,3,8.4,13.5,Flexible,4.83,Workforce,Time & Attendance Management,Employee Administration,Time and Attendance Management of Employee
EMP0211,Employee_211,HR,Engineer,August,2025,30,26,4,2,0,7.5,4.96,Night,3.81,Workforce,Time & Attendance Management,Employee Administration,Time and Attendance Management of Employee
EMP0212,Employee_212,Marketing,Consultant,October,2025,30,26,4,0,1,8.2,10.49,Day,4.19,Workforce,Time & Attendance Management,Employee Administration,Time and Attendance Management of Employee
EMP0213,Employee_213,IT,Manager,July,2025,30,26,4,1,0,7.2,7.94,Flexible,3.32,Workforce,Time & Attendance Management,Employee Administration,Time and Attendance Management of Employee
EMP0214,Employee_214,IT,Manager,October,2025,30,25,5,5,5,7.8,5.97,Day,4.46,Workforce,Time & Attendance Management,Employee Administration,Time and Attendance Management of Employee
EMP0215,Employee_215,IT,Manager,August,2025,30,26,4,1,3,7.1,13.82,Day,3.15,Workforce,Time & Attendance Management,Employee Administration,Time and Attendance Management of Employee
EMP0216,Employee_216,Marketing,Engineer,September,2025,30,21,9,1,4,8.8,15.02,Flexible,2.63,Workforce,Time & Attendance Management,Employee Administration,Time and Attendance Management of Employee
EMP0217,Employee_217,HR,Executive,July,2025,30,27,3,2,3,8.6,1.4,Night,4.0,Workforce,Time & Attendance Management,Employee Administration,Time and Attendance Management of Employee
EMP0218,Employee_218,Operations,Manager,July,2025,30,27,3,1,5,8.5,16.91,Flexible,3.6,Workforce,Time & Attendance Management,Employee Administration,Time and Attendance Management of Employee
EMP0219,Employee_219,Sales,Consultant,July,2025,30,29,1,0,4,7.2,13.08,Flexible,3.44,Workforce,Time & Attendance Management,Employee Administration,Time and Attendance Management of Employee
EMP0220,Employee_220,Sales,Executive,August,2025,30,25,5,2,3,7.0,10.88,Flexible,3.8,Workforce,Time & Attendance Management,Employee Administration,Time and Attendance Management of Employee
EMP0221,Employee_221,IT,Consultant,September,2025,30,20,10,3,5,8.6,8.99,Day,2.86,Workforce,Time & Attendance Management,Employee Administration,Time and Attendance Management of Employee
EMP0222,Employee_222,Operations,Consultant,October,2025,30,27,3,3,1,8.8,7.65,Flexible,3.71,Workforce,Time & Attendance Management,Employee Administration,Time and Attendance Management of Employee
EMP0223,Employee_223,Finance,Executive,July,2025,30,27,3,2,0,8.8,4.72,Night,2.54,Workforce,Time & Attendance Management,Employee Administration,Time and Attendance Management of Employee
EMP0224,Employee_224,IT,Analyst,October,2025,30,21,9,5,2,7.1,4.48,Night,2.82,Workforce,Time & Attendance Management,Employee Administration,Time and Attendance Management of Employee
EMP0225,Employee_225,Operations,Assistant,August,2025,30,25,5,3,5,6.2,17.83,Flexible,3.1,Workforce,Time & Attendance Management,Employee Administration,Time and Attendance Management of Employee
EMP0226,Employee_226,HR,Manager,September,2025,30,26,4,5,2,8.5,9.83,Flexible,4.89,Workforce,Time & Attendance Management,Employee Administration,Time and Attendance Management of Employee
EMP0227,Employee_227,Operations,Analyst,July,2025,30,23,7,5,0,7.2,0.62,Flexible,2.76,Workforce,Time & Attendance Management,Employee Administration,Time and Attendance Management of Employee
EMP0228,Employee_228,Marketing,Executive,August,2025,30,30,0,0,3,7.3,8.72,Night,3.58,Workforce,Time & Attendance Management,Employee Administration,Time and Attendance Management of Employee
EMP0229,Employee_229,HR,Manager,September,2025,30,23,7,2,4,7.6,8.74,Day,3.08,Workforce,Time & Attendance Management,Employee Administration,Time and Attendance Management of Employee
EMP0230,Employee_230,Marketing,Assistant,October,2025,30,29,1,3,0,9.0,3.64,Flexible,4.89,Workforce,Time & Attendance Management,Employee Administration,Time and Attendance Management of Employee
EMP0231,Employee_231,Marketing,Manager,July,2025,30,20,10,3,5,6.3,2.57,Night,2.94,Workforce,Time & Attendance Management,Employee Administration,Time and Attendance Management of Employee
EMP0232,Employee_232,HR,Assistant,July,2025,30,25,5,3,1,8.0,10.33,Flexible,4.1,Workforce,Time & Attendance Management,Employee Administration,Time and Attendance Management of Employee
EMP0233,Employee_233,IT,Assistant,October,2025,30,21,9,4,1,7.9,9.86,Flexible,4.11,Workforce,Time & Attendance Management,Employee Administration,Time and Attendance Management of Employee
EMP0234,Employee_234,Operations,Analyst,August,2025,30,23,7,1,3,7.9,19.45,Night,4.88,Workforce,Time & Attendance Management,Employee Administration,Time and Attendance Management of Employee
EMP0235,Employee_235,Marketing,Executive,August,2025,30,27,3,0,1,8.8,7.77,Day,4.07,Workforce,Time & Attendance Management,Employee Administration,Time and Attendance Management of Employee
EMP0236,Employee_236,Sales,Assistant,October,2025,30,24,6,5,3,8.6,19.15,Day,4.84,Workforce,Time & Attendance Management,Employee Administration,Time and Attendance Management of Employee
EMP0237,Employee_237,Finance,Executive,October,2025,30,28,2,1,3,7.2,9.0,Flexible,4.75,Workforce,Time & Attendance Management,Employee Administration,Time and Attendance Management of Employee
EMP0238,Employee_238,Finance,Assistant,August,2025,30,26,4,1,1,8.7,11.25,Day,4.88,Workforce,Time & Attendance Management,Employee Administration,Time and Attendance Management of Employee
EMP0239,Employee_239,Marketing,Analyst,July,2025,30,23,7,0,5,8.2,6.2,Day,3.3,Workforce,Time & Attendance Management,Employee Administration,Time and Attendance Management of Employee
EMP0240,Employee_240,Finance,Assistant,September,2025,30,23,7,1,3,6.0,14.8,Night,4.54,Workforce,Time & Attendance Management,Employee Administration,Time and Attendance Management of Employee
EMP0241,Employee_241,Operations,Executive,July,2025,30,22,8,2,4,6.6,8.74,Day,4.21,Workforce,Time & Attendance Management,Employee Administration,Time and Attendance Management of Employee
EMP0242,Employee_242,Sales,Manager,September,2025,30,25,5,3,2,8.3,6.54,Night,2.73,Workforce,Time & Attendance Management,Employee Administration,Time and Attendance Management of Employee
EMP0243,Employee_243,Finance,Manager,October,2025,30,28,2,1,1,8.8,18.79,Night,3.83,Workforce,Time & Attendance Management,Employee Administration,Time and Attendance Management of Employee
EMP0244,Employee_244,Sales,Engineer,August,2025,30,29,1,3,2,7.3,7.52,Day,4.62,Workforce,Time & Attendance Management,Employee Administration,Time and Attendance Management of Employee
EMP0245,Employee_245,IT,Manager,August,2025,30,26,4,5,1,8.6,18.04,Day,4.55,Workforce,Time & Attendance Management,Employee Administration,Time and Attendance Management of Employee
EMP0246,Employee_246,Operations,Consultant,August,2025,30,30,0,2,2,6.5,11.37,Night,3.21,Workforce,Time & Attendance Management,Employee Administration,Time and Attendance Management of Employee
EMP0247,Employee_247,Operations,Engineer,July,2025,30,30,0,0,5,8.8,1.11,Flexible,4.03,Workforce,Time & Attendance Management,Employee Administration,Time and Attendance Management of Employee
EMP0248,Employee_248,HR,Analyst,July,2025,30,28,2,2,5,8.5,7.05,Flexible,4.8,Workforce,Time & Attendance Management,Employee Administration,Time and Attendance Management of Employee
EMP0249,Employee_249,Finance,Analyst,July,2025,30,22,8,2,4,7.9,6.03,Day,3.15,Workforce,Time & Attendance Management,Employee Administration,Time and Attendance Management of Employee
EMP0250,Employee_250,HR,Executive,October,2025,30,20,10,1,3,6.3,5.91,Flexible,3.98,Workforce,Time & Attendance Management,Employee Administration,Time and Attendance Management of Employee
EMP0251,Employee_251,Operations,Analyst,October,2025,30,30,0,3,2,6.4,5.01,Night,3.65,Workforce,Time & Attendance Management,Employee Administration,Time and Attendance Management of Employee
EMP0252,Employee_252,Finance,Manager,July,2025,30,22,8,1,0,7.6,6.24,Flexible,3.9,Workforce,Time & Attendance Management,Employee Administration,Time and Attendance Management of Employee
EMP0253,Employee_253,Marketing,Consultant,August,2025,30,25,5,0,2,9.0,19.1,Day,3.11,Workforce,Time & Attendance Management,Employee Administration,Time and Attendance Management of Employee
EMP0254,Employee_254,Finance,Engineer,July,2025,30,26,4,1,1,6.1,6.12,Flexible,2.52,Workforce,Time & Attendance Management,Employee Administration,Time and Attendance Management of Employee
EMP0255,Employee_255,Sales,Manager,August,2025,30,26,4,5,0,6.1,3.26,Flexible,4.15,Workforce,Time & Attendance Management,Employee Administration,Time and Attendance Management of Employee
EMP0256,Employee_256,Marketing,Executive,September,2025,30,26,4,2,1,6.2,14.43,Day,4.92,Workforce,Time & Attendance Management,Employee Administration,Time and Attendance Management of Employee
EMP0257,Employee_257,Operations,Executive,September,2025,30,21,9,0,5,6.7,3.21,Night,4.19,Workforce,Time & Attendance Management,Employee Administration,Time and Attendance Management of Employee
EMP0258,Employee_258,IT,Assistant,August,2025,30,20,10,2,3,6.6,17.13,Night,4.26,Workforce,Time & Attendance Management,Employee Administration,Time and Attendance Management of Employee
EMP0259,Employee_259,HR,Assistant,October,2025,30,24,6,5,1,8.1,16.16,Flexible,2.99,Workforce,Time & Attendance Management,Employee Administration,Time and Attendance Management of Employee
EMP0260,Employee_260,HR,Manager,October,2025,30,22,8,2,2,6.1,1.83,Flexible,4.48,Workforce,Time & Attendance Management,Employee Administration,Time and Attendance Management of Employee
EMP0261,Employee_261,Sales,Engineer,October,2025,30,28,2,4,0,6.6,19.49,Flexible,4.36,Workforce,Time & Attendance Management,Employee Administration,Time and Attendance Management of Employee
EMP0262,Employee_262,Marketing,Analyst,August,2025,30,30,0,0,4,8.4,11.03,Night,4.95,Workforce,Time & Attendance Management,Employee Administration,Time and Attendance Management of Employee
EMP0263,Employee_263,Sales,Analyst,October,2025,30,20,10,0,0,7.6,9.37,Day,4.87,Workforce,Time & Attendance Management,Employee Administration,Time and Attendance Management of Employee
EMP0264,Employee_264,Sales,Analyst,September,2025,30,29,1,0,4,6.5,6.04,Night,2.58,Workforce,Time & Attendance Management,Employee Administration,Time and Attendance Management of Employee
EMP0265,Employee_265,Operations,Manager,August,2025,30,20,10,0,5,8.5,17.15,Night,3.52,Workforce,Time & Attendance Management,Employee Administration,Time and Attendance Management of Employee
EMP0266,Employee_266,Marketing,Consultant,September,2025,30,29,1,4,3,8.8,16.0,Night,2.8,Workforce,Time & Attendance Management,Employee Administration,Time and Attendance Management of Employee
EMP0267,Employee_267,Marketing,Analyst,October,2025,30,22,8,3,1,6.9,7.47,Day,4.71,Workforce,Time & Attendance Management,Employee Administration,Time and Attendance Management of Employee
EMP0268,Employee_268,Sales,Manager,October,2025,30,29,1,2,4,7.4,13.27,Flexible,2.63,Workforce,Time & Attendance Management,Employee Administration,Time and Attendance Management of Employee
EMP0269,Employee_269,HR,Executive,October,2025,30,23,7,3,1,7.2,9.28,Flexible,2.61,Workforce,Time & Attendance Management,Employee Administration,Time and Attendance Management of Employee
EMP0270,Employee_270,Operations,Consultant,July,2025,30,27,3,4,3,8.4,11.05,Day,3.36,Workforce,Time & Attendance Management,Employee Administration,Time and Attendance Management of Employee
EMP0271,Employee_271,Finance,Assistant,October,2025,30,25,5,1,5,6.7,17.28,Flexible,3.31,Workforce,Time & Attendance Management,Employee Administration,Time and Attendance Management of Employee
EMP0272,Employee_272,HR,Consultant,October,2025,30,25,5,4,5,8.1,17.09,Night,2.92,Workforce,Time & Attendance Management,Employee Administration,Time and Attendance Management of Employee
EMP0273,Employee_273,IT,Analyst,September,2025,30,28,2,3,0,7.8,11.74,Night,3.5,Workforce,Time & Attendance Management,Employee Administration,Time and Attendance Management of Employee
EMP0274,Employee_274,Sales,Executive,August,2025,30,27,3,0,3,6.2,12.08,Flexible,4.06,Workforce,Time & Attendance Management,Employee Administration,Time and Attendance Management of Employee
EMP0275,Employee_275,Operations,Consultant,July,2025,30,22,8,4,5,8.1,6.64,Night,2.55,Workforce,Time & Attendance Management,Employee Administration,Time and Attendance Management of Employee
EMP0276,Employee_276,IT,Manager,September,2025,30,21,9,5,5,8.9,16.21,Night,2.56,Workforce,Time & Attendance Management,Employee Administration,Time and Attendance Management of Employee
EMP0277,Employee_277,IT,Engineer,July,2025,30,20,10,2,1,8.6,6.64,Night,3.92,Workforce,Time & Attendance Management,Employee Administration,Time and Attendance Management of Employee
EMP0278,Employee_278,Marketing,Executive,September,2025,30,21,9,3,0,7.9,5.34,Flexible,3.85,Workforce,Time & Attendance Management,Employee Administration,Time and Attendance Management of Employee
EMP0279,Employee_279,Finance,Engineer,August,2025,30,21,9,2,5,7.1,17.41,Flexible,4.63,Workforce,Time & Attendance Management,Employee Administration,Time and Attendance Management of Employee
EMP0280,Employee_280,Sales,Manager,August,2025,30,30,0,5,3,9.0,19.94,Flexible,3.44,Workforce,Time & Attendance Management,Employee Administration,Time and Attendance Management of Employee
EMP0281,Employee_281,HR,Assistant,August,2025,30,22,8,2,1,7.2,7.75,Flexible,3.12,Workforce,Time & Attendance Management,Employee Administration,Time and Attendance Management of Employee
EMP0282,Employee_282,HR,Manager,August,2025,30,30,0,4,1,6.7,14.33,Night,3.48,Workforce,Time & Attendance Management,Employee Administration,Time and Attendance Management of Employee
EMP0283,Employee_283,Sales,Manager,July,2025,30,28,2,1,2,7.2,12.88,Day,3.3,Workforce,Time & Attendance Management,Employee Administration,Time and Attendance Management of Employee
EMP0284,Employee_284,Finance,Analyst,September,2025,30,27,3,5,5,6.1,9.37,Night,4.44,Workforce,Time & Attendance Management,Employee Administration,Time and Attendance Management of Employee
EMP0285,Employee_285,Finance,Analyst,July,2025,30,23,7,1,4,7.7,15.57,Night,4.46,Workforce,Time & Attendance Management,Employee Administration,Time and Attendance Management of Employee
EMP0286,Employee_286,Marketing,Executive,October,2025,30,24,6,3,4,8.7,1.93,Day,4.0,Workforce,Time & Attendance Management,Employee Administration,Time and Attendance Management of Employee
EMP0287,Employee_287,Operations,Engineer,August,2025,30,23,7,5,5,6.7,11.61,Flexible,3.56,Workforce,Time & Attendance Management,Employee Administration,Time and Attendance Management of Employee
EMP0288,Employee_288,HR,Consultant,August,2025,30,23,7,3,0,7.5,8.87,Day,3.28,Workforce,Time & Attendance Management,Employee Administration,Time and Attendance Management of Employee
EMP0289,Employee_289,Marketing,Manager,September,2025,30,28,2,5,2,6.3,11.18,Flexible,2.61,Workforce,Time & Attendance Management,Employee Administration,Time and Attendance Management of Employee
EMP0290,Employee_290,Operations,Assistant,August,2025,30,29,1,2,1,7.2,2.3,Night,4.63,Workforce,Time & Attendance Management,Employee Administration,Time and Attendance Management of Employee
EMP0291,Employee_291,Operations,Analyst,July,2025,30,20,10,4,3,8.2,13.45,Flexible,3.59,Workforce,Time & Attendance Management,Employee Administration,Time and Attendance Management of Employee
EMP0292,Employee_292,Finance,Manager,August,2025,30,28,2,2,2,7.5,4.69,Day,4.03,Workforce,Time & Attendance Management,Employee Administration,Time and Attendance Management of Employee
EMP0293,Employee_293,IT,Assistant,September,2025,30,24,6,4,3,8.0,9.32,Flexible,2.58,Workforce,Time & Attendance Management,Employee Administration,Time and Attendance Management of Employee
EMP0294,Employee_294,Sales,Assistant,July,2025,30,23,7,0,4,8.0,12.32,Night,2.59,Workforce,Time & Attendance Management,Employee Administration,Time and Attendance Management of Employee
EMP0295,Employee_295,Finance,Assistant,August,2025,30,26,4,2,4,9.0,14.73,Day,3.06,Workforce,Time & Attendance Management,Employee Administration,Time and Attendance Management of Employee
EMP0296,Employee_296,IT,Engineer,August,2025,30,25,5,4,3,7.2,1.13,Day,3.44,Workforce,Time & Attendance Management,Employee Administration,Time and Attendance Management of Employee
EMP0297,Employee_297,HR,Executive,September,2025,30,27,3,2,5,6.0,17.28,Day,2.72,Workforce,Time & Attendance Management,Employee Administration,Time and Attendance Management of Employee
EMP0298,Employee_298,Marketing,Analyst,July,2025,30,29,1,2,5,8.6,8.35,Day,3.78,Workforce,Time & Attendance Management,Employee Administration,Time and Attendance Management of Employee
EMP0299,Employee_299,HR,Consultant,September,2025,30,27,3,4,4,7.6,14.35,Night,4.63,Workforce,Time & Attendance Management,Employee Administration,Time and Attendance Management of Employee
EMP0300,Employee_300,IT,Engineer,July,2025,30,26,4,3,0,8.8,19.91,Day,4.31,Workforce,Time & Attendance Management,Employee Administration,Time and Attendance Management of Employee
EMP0301,Employee_301,IT,Engineer,October,2025,30,21,9,5,1,7.6,7.97,Day,4.04,Workforce,Time & Attendance Management,Employee Administration,Time and Attendance Management of Employee
EMP0302,Employee_302,Marketing,Manager,October,2025,30,27,3,5,0,9.0,1.57,Day,4.05,Workforce,Time & Attendance Management,Employee Administration,Time and Attendance Management of Employee
EMP0303,Employee_303,Operations,Manager,September,2025,30,23,7,4,0,7.8,19.59,Flexible,3.14,Workforce,Time & Attendance Management,Employee Administration,Time and Attendance Management of Employee
EMP0304,Employee_304,IT,Manager,August,2025,30,29,1,2,3,6.5,10.26,Day,2.97,Workforce,Time & Attendance Management,Employee Administration,Time and Attendance Management of Employee
EMP0305,Employee_305,Sales,Analyst,October,2025,30,29,1,1,2,6.9,7.92,Night,3.2,Workforce,Time & Attendance Management,Employee Administration,Time and Attendance Management of Employee
EMP0306,Employee_306,Finance,Executive,October,2025,30,28,2,4,1,8.1,5.37,Night,3.08,Workforce,Time & Attendance Management,Employee Administration,Time and Attendance Management of Employee
EMP0307,Employee_307,Marketing,Manager,August,2025,30,25,5,0,3,8.3,14.03,Flexible,2.61,Workforce,Time & Attendance Management,Employee Administration,Time and Attendance Management of Employee
EMP0308,Employee_308,HR,Manager,October,2025,30,25,5,1,3,6.7,0.53,Night,4.83,Workforce,Time & Attendance Management,Employee Administration,Time and Attendance Management of Employee
EMP0309,Employee_309,Operations,Manager,October,2025,30,29,1,2,3,7.8,10.23,Day,4.7,Workforce,Time & Attendance Management,Employee Administration,Time and Attendance Management of Employee
EMP0310,Employee_310,Marketing,Manager,August,2025,30,29,1,3,0,6.3,3.6,Day,3.25,Workforce,Time & Attendance Management,Employee Administration,Time and Attendance Management of Employee
EMP0311,Employee_311,HR,Analyst,July,2025,30,20,10,5,4,8.5,15.67,Day,3.55,Workforce,Time & Attendance Management,Employee Administration,Time and Attendance Management of Employee
EMP0312,Employee_312,IT,Consultant,July,2025,30,21,9,1,5,8.3,6.82,Flexible,3.23,Workforce,Time & Attendance Management,Employee Administration,Time and Attendance Management of Employee
EMP0313,Employee_313,HR,Executive,October,2025,30,23,7,0,0,8.7,17.61,Night,3.99,Workforce,Time & Attendance Management,Employee Administration,Time and Attendance Management of Employee
EMP0314,Employee_314,Operations,Assistant,September,2025,30,30,0,2,4,7.3,11.8,Day,3.69,Workforce,Time & Attendance Management,Employee Administration,Time and Attendance Management of Employee
EMP0315,Employee_315,Marketing,Manager,July,2025,30,28,2,4,4,6.9,2.22,Flexible,4.86,Workforce,Time & Attendance Management,Employee Administration,Time and Attendance Management of Employee
EMP0316,Employee_316,Sales,Engineer,September,2025,30,26,4,3,0,8.6,2.72,Night,2.61,Workforce,Time & Attendance Management,Employee Administration,Time and Attendance Management of Employee
EMP0317,Employee_317,Sales,Manager,July,2025,30,24,6,0,5,7.3,7.19,Night,4.82,Workforce,Time & Attendance Management,Employee Administration,Time and Attendance Management of Employee
EMP0318,Employee_318,Marketing,Executive,July,2025,30,25,5,4,0,6.8,15.41,Night,2.67,Workforce,Time & Attendance Management,Employee Administration,Time and Attendance Management of Employee
EMP0319,Employee_319,Operations,Manager,July,2025,30,20,10,1,3,6.4,14.15,Day,4.36,Workforce,Time & Attendance Management,Employee Administration,Time and Attendance Management of Employee
EMP0320,Employee_320,Sales,Engineer,July,2025,30,22,8,3,3,7.8,3.21,Flexible,3.95,Workforce,Time & Attendance Management,Employee Administration,Time and Attendance Management of Employee
EMP0321,Employee_321,Operations,Engineer,September,2025,30,25,5,2,0,7.5,0.64,Night,3.19,Workforce,Time & Attendance Management,Employee Administration,Time and Attendance Management of Employee
EMP0322,Employee_322,HR,Executive,September,2025,30,22,8,5,2,6.8,0.69,Day,2.51,Workforce,Time & Attendance Management,Employee Administration,Time and Attendance Management of Employee
EMP0323,Employee_323,Sales,Consultant,September,2025,30,25,5,1,1,7.5,5.67,Flexible,2.51,Workforce,Time & Attendance Management,Employee Administration,Time and Attendance Management of Employee
EMP0324,Employee_324,Operations,Assistant,July,2025,30,27,3,0,3,7.5,1.46,Day,3.66,Workforce,Time & Attendance Management,Employee Administration,Time and Attendance Management of Employee
EMP0325,Employee_325,Marketing,Analyst,July,2025,30,30,0,3,0,6.9,6.75,Flexible,2.89,Workforce,Time & Attendance Management,Employee Administration,Time and Attendance Management of Employee
EMP0326,Employee_326,Marketing,Executive,July,2025,30,27,3,2,1,7.6,11.72,Night,3.76,Workforce,Time & Attendance Management,Employee Administration,Time and Attendance Management of Employee
EMP0327,Employee_327,HR,Analyst,October,2025,30,30,0,3,5,9.0,6.69,Day,3.94,Workforce,Time & Attendance Management,Employee Administration,Time and Attendance Management of Employee
EMP0328,Employee_328,IT,Consultant,August,2025,30,27,3,0,3,7.7,5.38,Day,4.68,Workforce,Time & Attendance Management,Employee Administration,Time and Attendance Management of Employee
EMP0329,Employee_329,Operations,Executive,October,2025,30,28,2,3,2,6.1,4.44,Night,3.04,Workforce,Time & Attendance Management,Employee Administration,Time and Attendance Management of Employee
EMP0330,Employee_330,Marketing,Assistant,August,2025,30,29,1,3,1,8.0,17.72,Night,3.4,Workforce,Time & Attendance Management,Employee Administration,Time and Attendance Management of Employee
EMP0331,Employee_331,Finance,Manager,October,2025,30,20,10,3,0,7.1,9.02,Night,3.98,Workforce,Time & Attendance Management,Employee Administration,Time and Attendance Management of Employee
EMP0332,Employee_332,HR,Engineer,October,2025,30,23,7,1,3,7.4,12.96,Night,3.46,Workforce,Time & Attendance Management,Employee Administration,Time and Attendance Management of Employee
EMP0333,Employee_333,Marketing,Engineer,September,2025,30,25,5,4,1,7.5,18.59,Flexible,3.22,Workforce,Time & Attendance Management,Employee Administration,Time and Attendance Management of Employee
EMP0334,Employee_334,Finance,Analyst,September,2025,30,20,10,4,4,6.0,6.75,Day,3.15,Workforce,Time & Attendance Management,Employee Administration,Time and Attendance Management of Employee
EMP0335,Employee_335,Operations,Executive,July,2025,30,25,5,4,1,8.1,11.26,Night,3.44,Workforce,Time & Attendance Management,Employee Administration,Time and Attendance Management of Employee
EMP0336,Employee_336,Operations,Assistant,September,2025,30,30,0,3,1,6.2,3.62,Night,4.79,Workforce,Time & Attendance Management,Employee Administration,Time and Attendance Management of Employee
EMP0337,Employee_337,Operations,Assistant,July,2025,30,26,4,5,0,8.1,16.57,Day,3.57,Workforce,Time & Attendance Management,Employee Administration,Time and Attendance Management of Employee
EMP0338,Employee_338,Marketing,Manager,October,2025,30,28,2,3,1,8.4,5.57,Day,4.54,Workforce,Time & Attendance Management,Employee Administration,Time and Attendance Management of Employee
EMP0339,Employee_339,Marketing,Executive,September,2025,30,26,4,0,0,8.4,4.27,Flexible,2.55,Workforce,Time & Attendance Management,Employee Administration,Time and Attendance Management of Employee
EMP0340,Employee_340,HR,Analyst,October,2025,30,29,1,2,4,6.5,8.69,Flexible,2.85,Workforce,Time & Attendance Management,Employee Administration,Time and Attendance Management of Employee
EMP0341,Employee_341,Operations,Assistant,August,2025,30,28,2,5,3,8.8,1.68,Day,3.72,Workforce,Time & Attendance Management,Employee Administration,Time and Attendance Management of Employee
EMP0342,Employee_342,HR,Manager,September,2025,30,23,7,0,0,8.9,9.31,Day,2.74,Workforce,Time & Attendance Management,Employee Administration,Time and Attendance Management of Employee
EMP0343,Employee_343,Marketing,Assistant,August,2025,30,29,1,0,3,8.4,8.08,Day,3.86,Workforce,Time & Attendance Management,Employee Administration,Time and Attendance Management of Employee
EMP0344,Employee_344,HR,Executive,October,2025,30,22,8,1,4,8.2,6.36,Night,4.04,Workforce,Time & Attendance Management,Employee Administration,Time and Attendance Management of Employee
EMP0345,Employee_345,Sales,Assistant,October,2025,30,25,5,0,2,7.3,18.91,Day,3.14,Workforce,Time & Attendance Management,Employee Administration,Time and Attendance Management of Employee
EMP0346,Employee_346,Sales,Assistant,October,2025,30,28,2,5,3,8.9,1.67,Night,3.34,Workforce,Time & Attendance Management,Employee Administration,Time and Attendance Management of Employee
EMP0347,Employee_347,IT,Assistant,July,2025,30,20,10,5,2,8.5,7.33,Day,2.54,Workforce,Time & Attendance Management,Employee Administration,Time and Attendance Management of Employee
EMP0348,Employee_348,HR,Analyst,August,2025,30,22,8,0,5,8.1,6.71,Night,3.63,Workforce,Time & Attendance Management,Employee Administration,Time and Attendance Management of Employee
EMP0349,Employee_349,Sales,Analyst,August,2025,30,30,0,1,3,8.2,1.95,Flexible,4.0,Workforce,Time & Attendance Management,Employee Administration,Time and Attendance Management of Employee
EMP0350,Employee_350,Operations,Engineer,September,2025,30,26,4,1,2,9.0,11.76,Night,4.88,Workforce,Time & Attendance Management,Employee Administration,Time and Attendance Management of Employee
EMP0351,Employee_351,HR,Analyst,September,2025,30,26,4,3,2,7.9,1.55,Night,2.94,Workforce,Time & Attendance Management,Employee Administration,Time and Attendance Management of Employee
EMP0352,Employee_352,Finance,Assistant,July,2025,30,26,4,0,5,6.9,4.41,Day,4.73,Workforce,Time & Attendance Management,Employee Administration,Time and Attendance Management of Employee
EMP0353,Employee_353,Sales,Consultant,September,2025,30,20,10,0,1,8.7,17.21,Flexible,3.21,Workforce,Time & Attendance Management,Employee Administration,Time and Attendance Management of Employee
EMP0354,Employee_354,Sales,Engineer,July,2025,30,21,9,5,1,7.8,18.62,Day,3.22,Workforce,Time & Attendance Management,Employee Administration,Time and Attendance Management of Employee
EMP0355,Employee_355,Finance,Executive,September,2025,30,26,4,1,3,7.8,16.59,Flexible,3.96,Workforce,Time & Attendance Management,Employee Administration,Time and Attendance Management of Employee
EMP0356,Employee_356,IT,Assistant,July,2025,30,20,10,2,4,8.0,14.38,Night,4.67,Workforce,Time & Attendance Management,Employee Administration,Time and Attendance Management of Employee
EMP0357,Employee_357,Finance,Manager,August,2025,30,25,5,1,4,8.5,1.86,Flexible,3.33,Workforce,Time & Attendance Management,Employee Administration,Time and Attendance Management of Employee
EMP0358,Employee_358,IT,Engineer,October,2025,30,22,8,5,5,6.4,12.5,Day,4.17,Workforce,Time & Attendance Management,Employee Administration,Time and Attendance Management of Employee
EMP0359,Employee_359,Finance,Consultant,September,2025,30,23,7,3,5,6.6,17.5,Night,3.06,Workforce,Time & Attendance Management,Employee Administration,Time and Attendance Management of Employee
EMP0360,Employee_360,IT,Executive,August,2025,30,30,0,1,3,8.1,10.09,Day,3.21,Workforce,Time & Attendance Management,Employee Administration,Time and Attendance Management of Employee
EMP0361,Employee_361,IT,Executive,September,2025,30,20,10,3,4,7.4,7.4,Night,4.32,Workforce,Time & Attendance Management,Employee Administration,Time and Attendance Management of Employee
EMP0362,Employee_362,HR,Executive,August,2025,30,28,2,5,4,6.7,8.59,Night,2.67,Workforce,Time & Attendance Management,Employee Administration,Time and Attendance Management of Employee
EMP0363,Employee_363,IT,Consultant,July,2025,30,28,2,2,0,8.7,18.21,Night,4.67,Workforce,Time & Attendance Management,Employee Administration,Time and Attendance Management of Employee
EMP0364,Employee_364,Operations,Assistant,August,2025,30,25,5,4,3,6.9,8.37,Flexible,4.87,Workforce,Time & Attendance Management,Employee Administration,Time and Attendance Management of Employee
EMP0365,Employee_365,Operations,Assistant,August,2025,30,21,9,3,4,8.7,15.48,Night,4.48,Workforce,Time & Attendance Management,Employee Administration,Time and Attendance Management of Employee
EMP0366,Employee_366,HR,Consultant,September,2025,30,22,8,1,5,6.3,5.71,Flexible,2.91,Workforce,Time & Attendance Management,Employee Administration,Time and Attendance Management of Employee
EMP0367,Employee_367,IT,Consultant,August,2025,30,25,5,0,0,6.4,4.05,Day,4.43,Workforce,Time & Attendance Management,Employee Administration,Time and Attendance Management of Employee
EMP0368,Employee_368,Operations,Assistant,September,2025,30,27,3,4,4,6.5,11.98,Day,3.88,Workforce,Time & Attendance Management,Employee Administration,Time and Attendance Management of Employee
EMP0369,Employee_369,IT,Executive,July,2025,30,20,10,0,4,6.9,3.2,Day,3.97,Workforce,Time & Attendance Management,Employee Administration,Time and Attendance Management of Employee
EMP0370,Employee_370,Marketing,Consultant,September,2025,30,29,1,5,2,9.0,7.95,Night,4.11,Workforce,Time & Attendance Management,Employee Administration,Time and Attendance Management of Employee
EMP0371,Employee_371,HR,Consultant,October,2025,30,21,9,1,5,8.3,17.4,Day,4.4,Workforce,Time & Attendance Management,Employee Administration,Time and Attendance Management of Employee
EMP0372,Employee_372,Operations,Assistant,September,2025,30,26,4,5,3,7.8,7.43,Night,2.92,Workforce,Time & Attendance Management,Employee Administration,Time and Attendance Management of Employee
EMP0373,Employee_373,Finance,Engineer,September,2025,30,25,5,0,3,8.7,1.97,Day,4.58,Workforce,Time & Attendance Management,Employee Administration,Time and Attendance Management of Employee
EMP0374,Employee_374,Finance,Consultant,August,2025,30,25,5,0,0,6.7,18.18,Night,3.16,Workforce,Time & Attendance Management,Employee Administration,Time and Attendance Management of Employee
EMP0375,Employee_375,Marketing,Manager,July,2025,30,27,3,5,5,6.9,6.86,Night,2.81,Workforce,Time & Attendance Management,Employee Administration,Time and Attendance Management of Employee
EMP0376,Employee_376,Finance,Consultant,August,2025,30,20,10,2,5,7.0,7.73,Day,4.69,Workforce,Time & Attendance Management,Employee Administration,Time and Attendance Management of Employee
EMP0377,Employee_377,Finance,Executive,September,2025,30,24,6,2,2,6.8,18.06,Flexible,4.12,Workforce,Time & Attendance Management,Employee Administration,Time and Attendance Management of Employee
EMP0378,Employee_378,Operations,Assistant,September,2025,30,24,6,4,4,6.8,13.23,Flexible,3.06,Workforce,Time & Attendance Management,Employee Administration,Time and Attendance Management of Employee
EMP0379,Employee_379,Operations,Assistant,July,2025,30,29,1,0,5,6.7,15.02,Day,3.37,Workforce,Time & Attendance Management,Employee Administration,Time and Attendance Management of Employee
EMP0380,Employee_380,Sales,Engineer,July,2025,30,28,2,5,1,7.6,5.66,Day,4.92,Workforce,Time & Attendance Management,Employee Administration,Time and Attendance Management of Employee
EMP0381,Employee_381,Finance,Manager,August,2025,30,29,1,5,0,8.9,11.93,Day,3.65,Workforce,Time & Attendance Management,Employee Administration,Time and Attendance Management of Employee
EMP0382,Employee_382,Sales,Consultant,October,2025,30,22,8,5,4,8.8,4.09,Flexible,4.64,Workforce,Time & Attendance Management,Employee Administration,Time and Attendance Management of Employee
EMP0383,Employee_383,Finance,Executive,August,2025,30,20,10,2,0,6.9,15.64,Day,4.38,Workforce,Time & Attendance Management,Employee Administration,Time and Attendance Management of Employee
EMP0384,Employee_384,Operations,Manager,September,2025,30,20,10,1,3,7.4,17.68,Day,2.85,Workforce,Time & Attendance Management,Employee Administration,Time and Attendance Management of Employee
EMP0385,Employee_385,Sales,Assistant,October,2025,30,30,0,3,1,6.6,2.76,Day,2.85,Workforce,Time & Attendance Management,Employee Administration,Time and Attendance Management of Employee
EMP0386,Employee_386,Finance,Executive,August,2025,30,30,0,3,2,6.1,14.16,Flexible,3.43,Workforce,Time & Attendance Management,Employee Administration,Time and Attendance Management of Employee
EMP0387,Employee_387,Finance,Manager,July,2025,30,24,6,2,2,7.4,14.17,Night,2.94,Workforce,Time & Attendance Management,Employee Administration,Time and Attendance Management of Employee
EMP0388,Employee_388,Marketing,Executive,August,2025,30,26,4,4,2,7.5,15.26,Night,3.51,Workforce,Time & Attendance Management,Employee Administration,Time and Attendance Management of Employee
EMP0389,Employee_389,Sales,Analyst,August,2025,30,21,9,1,3,8.2,1.45,Night,3.44,Workforce,Time & Attendance Management,Employee Administration,Time and Attendance Management of Employee
EMP0390,Employee_390,IT,Manager,August,2025,30,24,6,2,2,8.9,6.53,Night,4.64,Workforce,Time & Attendance Management,Employee Administration,Time and Attendance Management of Employee
EMP0391,Employee_391,HR,Manager,October,2025,30,26,4,1,3,9.0,9.38,Day,4.04,Workforce,Time & Attendance Management,Employee Administration,Time and Attendance Management of Employee
EMP0392,Employee_392,IT,Consultant,August,2025,30,30,0,0,1,8.0,9.66,Day,4.83,Workforce,Time & Attendance Management,Employee Administration,Time and Attendance Management of Employee
EMP0393,Employee_393,HR,Manager,October,2025,30,21,9,3,0,8.4,8.88,Flexible,3.55,Workforce,Time & Attendance Management,Employee Administration,Time and Attendance Management of Employee
EMP0394,Employee_394,Operations,Assistant,July,2025,30,21,9,0,5,6.7,5.49,Night,4.88,Workforce,Time & Attendance Management,Employee Administration,Time and Attendance Management of Employee
EMP0395,Employee_395,Finance,Analyst,September,2025,30,21,9,4,1,8.2,18.66,Night,2.54,Workforce,Time & Attendance Management,Employee Administration,Time and Attendance Management of Employee
EMP0396,Employee_396,Operations,Consultant,September,2025,30,28,2,1,0,7.3,11.4,Flexible,4.0,Workforce,Time & Attendance Management,Employee Administration,Time and Attendance Management of Employee
EMP0397,Employee_397,HR,Executive,August,2025,30,28,2,4,1,7.8,13.38,Night,3.8,Workforce,Time & Attendance Management,Employee Administration,Time and Attendance Management of Employee
EMP0398,Employee_398,Finance,Engineer,July,2025,30,27,3,2,3,7.4,17.13,Night,4.12,Workforce,Time & Attendance Management,Employee Administration,Time and Attendance Management of Employee
EMP0399,Employee_399,Operations,Consultant,August,2025,30,29,1,0,3,6.7,17.38,Day,4.34,Workforce,Time & Attendance Management,Employee Administration,Time and Attendance Management of Employee
EMP0400,Employee_400,Finance,Analyst,September,2025,30,30,0,2,1,7.4,8.06,Flexible,3.95,Workforce,Time & Attendance Management,Employee Administration,Time and Attendance Management of Employee
EMP0401,Employee_401,Finance,Executive,September,2025,30,20,10,2,3,7.8,0.19,Night,2.88,Workforce,Time & Attendance Management,Employee Administration,Time and Attendance Management of Employee
EMP0402,Employee_402,IT,Consultant,August,2025,30,27,3,1,3,8.9,17.82,Night,3.19,Workforce,Time & Attendance Management,Employee Administration,Time and Attendance Management of Employee
EMP0403,Employee_403,IT,Consultant,July,2025,30,30,0,0,4,8.2,10.76,Day,4.18,Workforce,Time & Attendance Management,Employee Administration,Time and Attendance Management of Employee
EMP0404,Employee_404,IT,Engineer,September,2025,30,25,5,1,2,7.2,2.43,Night,3.78,Workforce,Time & Attendance Management,Employee Administration,Time and Attendance Management of Employee
EMP0405,Employee_405,HR,Analyst,August,2025,30,29,1,4,5,6.6,19.91,Night,3.44,Workforce,Time & Attendance Management,Employee Administration,Time and Attendance Management of Employee
EMP0406,Employee_406,Operations,Executive,July,2025,30,30,0,5,1,7.7,6.54,Flexible,3.77,Workforce,Time & Attendance Management,Employee Administration,Time and Attendance Management of Employee
EMP0407,Employee_407,HR,Assistant,September,2025,30,29,1,5,3,7.4,5.89,Night,3.91,Workforce,Time & Attendance Management,Employee Administration,Time and Attendance Management of Employee
EMP0408,Employee_408,Sales,Assistant,July,2025,30,23,7,3,1,8.2,14.45,Flexible,4.58,Workforce,Time & Attendance Management,Employee Administration,Time and Attendance Management of Employee
EMP0409,Employee_409,Operations,Manager,September,2025,30,23,7,0,5,7.7,16.06,Day,3.49,Workforce,Time & Attendance Management,Employee Administration,Time and Attendance Management of Employee
EMP0410,Employee_410,Finance,Assistant,October,2025,30,22,8,3,1,6.7,6.19,Flexible,3.91,Workforce,Time & Attendance Management,Employee Administration,Time and Attendance Management of Employee
EMP0411,Employee_411,Marketing,Engineer,July,2025,30,20,10,3,2,6.7,17.67,Day,4.8,Workforce,Time & Attendance Management,Employee Administration,Time and Attendance Management of Employee
EMP0412,Employee_412,Finance,Assistant,August,2025,30,27,3,2,3,8.8,4.4,Flexible,2.97,Workforce,Time & Attendance Management,Employee Administration,Time and Attendance Management of Employee
EMP0413,Employee_413,IT,Engineer,July,2025,30,30,0,4,2,8.7,5.69,Day,3.99,Workforce,Time & Attendance Management,Employee Administration,Time and Attendance Management of Employee
EMP0414,Employee_414,HR,Manager,August,2025,30,25,5,2,0,6.9,11.39,Night,3.66,Workforce,Time & Attendance Management,Employee Administration,Time and Attendance Management of Employee
EMP0415,Employee_415,HR,Assistant,September,2025,30,28,2,4,2,7.0,11.51,Night,2.95,Workforce,Time & Attendance Management,Employee Administration,Time and Attendance Management of Employee
EMP0416,Employee_416,IT,Analyst,October,2025,30,28,2,3,2,8.7,11.12,Day,3.67,Workforce,Time & Attendance Management,Employee Administration,Time and Attendance Management of Employee
EMP0417,Employee_417,IT,Consultant,August,2025,30,25,5,1,1,6.5,11.05,Day,2.55,Workforce,Time & Attendance Management,Employee Administration,Time and Attendance Management of Employee
EMP0418,Employee_418,Marketing,Analyst,September,2025,30,27,3,2,0,6.1,10.65,Day,4.85,Workforce,Time & Attendance Management,Employee Administration,Time and Attendance Management of Employee
EMP0419,Employee_419,HR,Analyst,August,2025,30,22,8,0,4,8.6,2.15,Day,3.81,Workforce,Time & Attendance Management,Employee Administration,Time and Attendance Management of Employee
EMP0420,Employee_420,Marketing,Assistant,September,2025,30,30,0,5,4,8.4,14.24,Night,2.65,Workforce,Time & Attendance Management,Employee Administration,Time and Attendance Management of Employee
EMP0421,Employee_421,Operations,Assistant,July,2025,30,27,3,0,3,7.0,11.5,Night,3.94,Workforce,Time & Attendance Management,Employee Administration,Time and Attendance Management of Employee
EMP0422,Employee_422,Finance,Executive,October,2025,30,20,10,2,5,6.8,17.72,Night,3.81,Workforce,Time & Attendance Management,Employee Administration,Time and Attendance Management of Employee
EMP0423,Employee_423,Operations,Manager,July,2025,30,24,6,4,3,6.3,13.43,Night,3.6,Workforce,Time & Attendance Management,Employee Administration,Time and Attendance Management of Employee
EMP0424,Employee_424,Finance,Assistant,August,2025,30,23,7,4,0,6.7,9.58,Flexible,2.81,Workforce,Time & Attendance Management,Employee Administration,Time and Attendance Management of Employee
EMP0425,Employee_425,Sales,Engineer,September,2025,30,29,1,3,3,7.0,5.88,Night,4.01,Workforce,Time & Attendance Management,Employee Administration,Time and Attendance Management of Employee
EMP0426,Employee_426,Finance,Assistant,August,2025,30,22,8,4,3,8.3,9.52,Flexible,4.91,Workforce,Time & Attendance Management,Employee Administration,Time and Attendance Management of Employee
EMP0427,Employee_427,Finance,Engineer,October,2025,30,28,2,5,3,7.9,8.79,Day,2.79,Workforce,Time & Attendance Management,Employee Administration,Time and Attendance Management of Employee
EMP0428,Employee_428,HR,Engineer,September,2025,30,27,3,3,4,7.0,7.88,Flexible,3.51,Workforce,Time & Attendance Management,Employee Administration,Time and Attendance Management of Employee
EMP0429,Employee_429,Operations,Manager,October,2025,30,20,10,1,5,7.3,2.51,Night,4.42,Workforce,Time & Attendance Management,Employee Administration,Time and Attendance Management of Employee
EMP0430,Employee_430,HR,Manager,July,2025,30,26,4,4,0,7.4,16.93,Flexible,3.2,Workforce,Time & Attendance Management,Employee Administration,Time and Attendance Management of Employee
EMP0431,Employee_431,Operations,Consultant,September,2025,30,23,7,3,0,8.8,8.95,Night,4.13,Workforce,Time & Attendance Management,Employee Administration,Time and Attendance Management of Employee
EMP0432,Employee_432,HR,Analyst,October,2025,30,20,10,5,4,8.1,9.9,Night,4.9,Workforce,Time & Attendance Management,Employee Administration,Time and Attendance Management of Employee
EMP0433,Employee_433,IT,Executive,July,2025,30,28,2,2,2,7.1,0.84,Flexible,3.04,Workforce,Time & Attendance Management,Employee Administration,Time and Attendance Management of Employee
EMP0434,Employee_434,Finance,Assistant,July,2025,30,26,4,0,3,6.1,14.63,Flexible,3.77,Workforce,Time & Attendance Management,Employee Administration,Time and Attendance Management of Employee
EMP0435,Employee_435,HR,Assistant,September,2025,30,27,3,5,3,7.6,2.71,Night,3.78,Workforce,Time & Attendance Management,Employee Administration,Time and Attendance Management of Employee
EMP0436,Employee_436,Marketing,Manager,October,2025,30,27,3,5,5,6.7,3.81,Flexible,4.48,Workforce,Time & Attendance Management,Employee Administration,Time and Attendance Management of Employee
EMP0437,Employee_437,Marketing,Manager,October,2025,30,23,7,2,4,6.2,9.0,Flexible,4.56,Workforce,Time & Attendance Management,Employee Administration,Time and Attendance Management of Employee
EMP0438,Employee_438,HR,Manager,August,2025,30,20,10,1,4,7.7,0.4,Flexible,2.76,Workforce,Time & Attendance Management,Employee Administration,Time and Attendance Management of Employee
EMP0439,Employee_439,Finance,Consultant,September,2025,30,25,5,3,0,6.0,16.47,Day,4.3,Workforce,Time & Attendance Management,Employee Administration,Time and Attendance Management of Employee
EMP0440,Employee_440,HR,Manager,September,2025,30,20,10,5,5,6.5,9.66,Flexible,4.05,Workforce,Time & Attendance Management,Employee Administration,Time and Attendance Management of Employee
EMP0441,Employee_441,HR,Engineer,September,2025,30,24,6,1,4,7.1,17.67,Day,3.05,Workforce,Time & Attendance Management,Employee Administration,Time and Attendance Management of Employee
EMP0442,Employee_442,Operations,Assistant,October,2025,30,28,2,2,1,8.0,7.96,Day,4.27,Workforce,Time & Attendance Management,Employee Administration,Time and Attendance Management of Employee
EMP0443,Employee_443,Operations,Executive,August,2025,30,25,5,1,2,8.7,11.07,Flexible,4.51,Workforce,Time & Attendance Management,Employee Administration,Time and Attendance Management of Employee
EMP0444,Employee_444,Operations,Manager,October,2025,30,22,8,0,4,7.8,18.53,Day,4.97,Workforce,Time & Attendance Management,Employee Administration,Time and Attendance Management of Employee
EMP0445,Employee_445,HR,Manager,August,2025,30,20,10,1,3,7.2,8.04,Day,3.78,Workforce,Time & Attendance Management,Employee Administration,Time and Attendance Management of Employee
EMP0446,Employee_446,Finance,Executive,October,2025,30,30,0,2,4,8.2,10.66,Day,4.69,Workforce,Time & Attendance Management,Employee Administration,Time and Attendance Management of Employee
EMP0447,Employee_447,IT,Analyst,September,2025,30,21,9,5,3,7.8,15.86,Day,4.8,Workforce,Time & Attendance Management,Employee Administration,Time and Attendance Management of Employee
EMP0448,Employee_448,Marketing,Consultant,October,2025,30,29,1,5,3,7.1,0.94,Night,4.0,Workforce,Time & Attendance Management,Employee Administration,Time and Attendance Management of Employee
EMP0449,Employee_449,HR,Executive,August,2025,30,22,8,1,0,8.8,7.68,Night,3.52,Workforce,Time & Attendance Management,Employee Administration,Time and Attendance Management of Employee
EMP0450,Employee_450,Marketing,Analyst,September,2025,30,26,4,5,3,7.6,1.13,Night,3.47,Workforce,Time & Attendance Management,Employee Administration,Time and Attendance Management of Employee
EMP0451,Employee_451,IT,Manager,July,2025,30,20,10,1,2,7.2,13.38,Day,4.72,Workforce,Time & Attendance Management,Employee Administration,Time and Attendance Management of Employee
EMP0452,Employee_452,Finance,Executive,October,2025,30,22,8,1,0,7.0,7.49,Flexible,2.97,Workforce,Time & Attendance Management,Employee Administration,Time and Attendance Management of Employee
EMP0453,Employee_453,Finance,Engineer,July,2025,30,28,2,2,1,6.7,0.91,Flexible,3.99,Workforce,Time & Attendance Management,Employee Administration,Time and Attendance Management of Employee
EMP0454,Employee_454,HR,Executive,October,2025,30,30,0,1,0,6.0,0.4,Night,3.5,Workforce,Time & Attendance Management,Employee Administration,Time and Attendance Management of Employee
EMP0455,Employee_455,Marketing,Assistant,September,2025,30,30,0,5,3,6.5,0.67,Night,3.11,Workforce,Time & Attendance Management,Employee Administration,Time and Attendance Management of Employee
EMP0456,Employee_456,HR,Assistant,October,2025,30,30,0,2,2,6.8,11.7,Flexible,3.83,Workforce,Time & Attendance Management,Employee Administration,Time and Attendance Management of Employee
EMP0457,Employee_457,Finance,Consultant,July,2025,30,26,4,4,3,6.4,15.45,Day,2.73,Workforce,Time & Attendance Management,Employee Administration,Time and Attendance Management of Employee
EMP0458,Employee_458,Finance,Manager,September,2025,30,22,8,1,0,7.8,8.77,Day,3.54,Workforce,Time & Attendance Management,Employee Administration,Time and Attendance Management of Employee
EMP0459,Employee_459,IT,Executive,September,2025,30,27,3,3,0,8.3,17.17,Night,4.75,Workforce,Time & Attendance Management,Employee Administration,Time and Attendance Management of Employee
EMP0460,Employee_460,Finance,Executive,July,2025,30,26,4,3,2,7.3,19.0,Flexible,2.51,Workforce,Time & Attendance Management,Employee Administration,Time and Attendance Management of Employee
EMP0461,Employee_461,Operations,Consultant,August,2025,30,22,8,1,4,8.3,11.18,Day,4.0,Workforce,Time & Attendance Management,Employee Administration,Time and Attendance Management of Employee
EMP0462,Employee_462,Operations,Consultant,July,2025,30,29,1,4,0,8.1,11.93,Day,3.63,Workforce,Time & Attendance Management,Employee Administration,Time and Attendance Management of Employee
EMP0463,Employee_463,Sales,Engineer,August,2025,30,24,6,5,3,7.5,0.38,Day,2.71,Workforce,Time & Attendance Management,Employee Administration,Time and Attendance Management of Employee
EMP0464,Employee_464,Sales,Assistant,October,2025,30,20,10,4,1,8.9,2.9,Night,3.63,Workforce,Time & Attendance Management,Employee Administration,Time and Attendance Management of Employee
EMP0465,Employee_465,Sales,Manager,August,2025,30,26,4,2,3,8.6,11.5,Flexible,4.62,Workforce,Time & Attendance Management,Employee Administration,Time and Attendance Management of Employee
EMP0466,Employee_466,IT,Assistant,August,2025,30,24,6,1,0,6.3,7.1,Night,3.28,Workforce,Time & Attendance Management,Employee Administration,Time and Attendance Management of Employee
EMP0467,Employee_467,Operations,Engineer,October,2025,30,28,2,5,3,7.8,17.76,Day,2.95,Workforce,Time & Attendance Management,Employee Administration,Time and Attendance Management of Employee
EMP0468,Employee_468,HR,Analyst,July,2025,30,29,1,0,2,6.7,3.38,Day,4.95,Workforce,Time & Attendance Management,Employee Administration,Time and Attendance Management of Employee
EMP0469,Employee_469,IT,Analyst,August,2025,30,25,5,4,1,6.3,12.61,Day,4.27,Workforce,Time & Attendance Management,Employee Administration,Time and Attendance Management of Employee
EMP0470,Employee_470,Operations,Executive,July,2025,30,21,9,5,2,8.2,0.47,Night,3.58,Workforce,Time & Attendance Management,Employee Administration,Time and Attendance Management of Employee
EMP0471,Employee_471,Finance,Engineer,October,2025,30,29,1,0,2,7.2,2.73,Night,3.8,Workforce,Time & Attendance Management,Employee Administration,Time and Attendance Management of Employee
EMP0472,Employee_472,Finance,Analyst,October,2025,30,24,6,3,0,6.8,2.38,Night,4.14,Workforce,Time & Attendance Management,Employee Administration,Time and Attendance Management of Employee
EMP0473,Employee_473,Finance,Executive,August,2025,30,27,3,0,5,8.2,16.59,Night,2.58,Workforce,Time & Attendance Management,Employee Administration,Time and Attendance Management of Employee
EMP0474,Employee_474,IT,Consultant,October,2025,30,22,8,3,2,8.9,10.54,Day,4.83,Workforce,Time & Attendance Management,Employee Administration,Time and Attendance Management of Employee
EMP0475,Employee_475,Finance,Analyst,August,2025,30,28,2,5,1,6.5,17.62,Day,4.33,Workforce,Time & Attendance Management,Employee Administration,Time and Attendance Management of Employee
EMP0476,Employee_476,Finance,Analyst,July,2025,30,29,1,1,1,6.4,1.41,Day,4.34,Workforce,Time & Attendance Management,Employee Administration,Time and Attendance Management of Employee
EMP0477,Employee_477,Operations,Analyst,October,2025,30,22,8,3,3,6.1,7.87,Night,2.93,Workforce,Time & Attendance Management,Employee Administration,Time and Attendance Management of Employee
EMP0478,Employee_478,Operations,Engineer,July,2025,30,28,2,2,0,8.3,12.82,Flexible,3.31,Workforce,Time & Attendance Management,Employee Administration,Time and Attendance Management of Employee
EMP0479,Employee_479,Sales,Engineer,July,2025,30,27,3,1,2,8.0,0.5,Night,2.55,Workforce,Time & Attendance Management,Employee Administration,Time and Attendance Management of Employee
EMP0480,Employee_480,Marketing,Engineer,August,2025,30,27,3,4,3,8.8,6.96,Day,3.62,Workforce,Time & Attendance Management,Employee Administration,Time and Attendance Management of Employee
EMP0481,Employee_481,HR,Consultant,August,2025,30,23,7,4,0,8.2,10.08,Flexible,3.54,Workforce,Time & Attendance Management,Employee Administration,Time and Attendance Management of Employee
EMP0482,Employee_482,Marketing,Analyst,September,2025,30,22,8,1,1,8.5,9.82,Day,4.68,Workforce,Time & Attendance Management,Employee Administration,Time and Attendance Management of Employee
EMP0483,Employee_483,Finance,Assistant,August,2025,30,23,7,5,0,8.7,0.25,Flexible,4.07,Workforce,Time & Attendance Management,Employee Administration,Time and Attendance Management of Employee
EMP0484,Employee_484,Marketing,Assistant,September,2025,30,27,3,4,5,7.6,5.78,Day,3.32,Workforce,Time & Attendance Management,Employee Administration,Time and Attendance Management of Employee
EMP0485,Employee_485,Sales,Manager,August,2025,30,26,4,3,0,6.0,14.91,Flexible,3.72,Workforce,Time & Attendance Management,Employee Administration,Time and Attendance Management of Employee
EMP0486,Employee_486,IT,Assistant,August,2025,30,24,6,5,4,8.5,3.78,Day,4.47,Workforce,Time & Attendance Management,Employee Administration,Time and Attendance Management of Employee
EMP0487,Employee_487,Finance,Engineer,August,2025,30,24,6,2,5,7.4,18.29,Night,4.81,Workforce,Time & Attendance Management,Employee Administration,Time and Attendance Management of Employee
EMP0488,Employee_488,Operations,Engineer,August,2025,30,20,10,3,0,8.1,6.9,Day,4.18,Workforce,Time & Attendance Management,Employee Administration,Time and Attendance Management of Employee
EMP0489,Employee_489,Marketing,Executive,September,2025,30,20,10,3,1,7.5,10.17,Flexible,4.47,Workforce,Time & Attendance Management,Employee Administration,Time and Attendance Management of Employee
EMP0490,Employee_490,HR,Assistant,October,2025,30,26,4,5,0,6.6,10.12,Day,2.77,Workforce,Time & Attendance Management,Employee Administration,Time and Attendance Management of Employee
EMP0491,Employee_491,Finance,Consultant,July,2025,30,24,6,3,5,6.5,10.84,Flexible,3.93,Workforce,Time & Attendance Management,Employee Administration,Time and Attendance Management of Employee
EMP0492,Employee_492,Sales,Engineer,July,2025,30,24,6,1,4,6.1,5.77,Night,4.56,Workforce,Time & Attendance Management,Employee Administration,Time and Attendance Management of Employee
EMP0493,Employee_493,HR,Engineer,August,2025,30,27,3,1,2,7.1,13.44,Flexible,3.82,Workforce,Time & Attendance Management,Employee Administration,Time and Attendance Management of Employee
EMP0494,Employee_494,Operations,Executive,October,2025,30,28,2,2,3,8.4,16.6,Day,3.0,Workforce,Time & Attendance Management,Employee Administration,Time and Attendance Management of Employee
EMP0495,Employee_495,Finance,Consultant,September,2025,30,24,6,5,1,6.2,19.91,Day,3.68,Workforce,Time & Attendance Management,Employee Administration,Time and Attendance Management of Employee
EMP0496,Employee_496,IT,Analyst,September,2025,30,25,5,4,0,6.2,16.24,Flexible,2.61,Workforce,Time & Attendance Management,Employee Administration,Time and Attendance Management of Employee
EMP0497,Employee_497,Operations,Analyst,September,2025,30,21,9,0,5,8.0,8.82,Night,3.28,Workforce,Time & Attendance Management,Employee Administration,Time and Attendance Management of Employee
EMP0498,Employee_498,IT,Executive,July,2025,30,28,2,0,4,7.0,19.15,Day,4.3,Workforce,Time & Attendance Management,Employee Administration,Time and Attendance Management of Employee
EMP0499,Employee_499,IT,Assistant,August,2025,30,25,5,5,1,6.3,9.86,Night,4.7,Workforce,Time & Attendance Management,Employee Administration,Time and Attendance Management of Employee
EMP0500,Employee_500,IT,Executive,September,2025,30,20,10,0,2,7.1,9.1,Flexible,2.91,Workforce,Time & Attendance Management,Employee Administration,Time and Attendance Management of Employee
