role_id,role_name,department,employment_type,location,min_experience_years,max_experience_years,required_skills,number_of_positions,role_description
ROLE1000,Intern Customer Support,Customer Support,Internship,Boston,9,12,"Project Management, Data Analysis, Sales",7,Possible seat common movie democratic own themselves off then rate nothing put choice accept personal eye nearly democratic next behind.
ROLE1001,Intern Operations,Marketing,Contract,Austin,4,8,"Marketing, Python, Java, Communication",8,Catch fund character ball financial six person democratic be explain accept region.
ROLE1002,Manager Operations,Operations,Internship,Austin,9,11,"Project Management, Java, Marketing, Python, Communication",7,Action public myself crime feel teacher force learn agreement mind finally chance figure interest hope TV nice magazine positive make sit.
ROLE1003,Junior Engineering,Operations,Internship,Chicago,10,13,"Sales, Data Analysis, Python, Java, Project Management",2,Garden month strong senior foot suddenly talk Democrat job really pretty.
ROLE1004,Manager Engineering,IT,Internship,Boston,10,15,"Excel, Communication, Marketing, Python",10,New military stay nature director defense feel receive street matter ground stage pick half shoulder purpose act financial seven.
ROLE1005,Director Sales,HR,Internship,Chicago,5,7,"Excel, Data Analysis",6,Police look forget always prevent evidence very inside commercial black expert stuff north plant.
ROLE1006,Junior HR,Marketing,Contract,San Francisco,9,13,"Excel, Python, Java, Marketing",2,Ready young machine nature girl chance mind cultural fact change major determine chair.
ROLE1007,Senior Engineering,Finance,Full-Time,New York,1,6,"Marketing, Python, Project Management",10,Nature cover say dark north responsibility opportunity research former food step next better join apply boy everyone recently talk.
ROLE1008,Intern HR,Customer Support,Contract,New York,8,13,"Communication, Sales, Data Analysis, Excel",10,Although others field Mrs institution and huge good old song.
ROLE1009,Manager Marketing,IT,Internship,New York,4,8,"Excel, Python",3,Lead painting subject part few again foot up own represent.
ROLE1010,Senior IT,IT,Full-Time,New York,1,4,"Data Analysis, Java",4,Type small network after well president loss see boy heart discuss fill.
ROLE1011,Intern Marketing,Customer Support,Full-Time,Chicago,0,3,"Project Management, Python, Communication, Data Analysis, Sales",4,Several system eight third year list free conference ability reveal able.
ROLE1012,Mid-Level Marketing,Operations,Full-Time,Austin,5,10,"Data Analysis, Python",6,Old Republican environmental however PM win all team mission first film whose nearly issue determine gas enjoy management once edge.
ROLE1013,Junior Finance,Finance,Contract,Chicago,9,14,"Marketing, Excel, Python, Data Analysis, Communication",6,Computer laugh physical last human family kitchen claim mother for team every food analysis goal human hope.
ROLE1014,Junior Customer Support,Operations,Full-Time,Seattle,3,7,"Marketing, Python, Project Management",4,Reveal make soldier glass network treatment choice page theory these simple but present third room chance speech hotel suggest force of.
ROLE1015,Mid-Level Sales,IT,Internship,Boston,4,6,"Project Management, Communication, Python, Marketing, Java",2,Skill catch stuff more Congress war up serious voice provide similar mention free special realize door area drug.
ROLE1016,Lead Finance,Operations,Contract,New York,2,6,"Java, Project Management, Excel, Data Analysis, Python",10,Reality contain no something against little ever threat event sister plan decade allow security address.
ROLE1017,Mid-Level Sales,Marketing,Internship,Remote,7,8,"Python, Excel",5,Structure stage field account south church rule office they gun treatment popular.
ROLE1018,Manager Sales,IT,Contract,Remote,2,4,"Java, Marketing, Sales, Data Analysis",6,Trip central perform investment free give trade tree area course.
ROLE1019,Senior Finance,Marketing,Part-Time,Seattle,2,6,"Marketing, Project Management, Excel, Python",4,Cost become live nearly carry beyond who about last summer box smile.
ROLE1020,Intern Marketing,IT,Contract,Austin,7,9,"Excel, Data Analysis, Marketing, Communication, Sales",6,Mean design debate hand what control prove young maybe argue us long.
ROLE1021,Director HR,Customer Support,Contract,Boston,1,2,"Sales, Project Management, Excel, Marketing, Data Analysis",5,Note involve protect benefit director region game off always respond cell attack list represent politics though.
ROLE1022,Manager Customer Support,Engineering,Contract,Boston,9,10,"Java, Python",3,Writer ready city turn power series three matter wall alone officer least middle.
ROLE1023,Manager Marketing,Engineering,Full-Time,Remote,5,7,"Data Analysis, Communication, Python, Java",5,Start industry she within mission huge finish enter candidate support become.
ROLE1024,Intern Finance,Customer Support,Part-Time,Boston,5,6,"Sales, Excel",8,Physical value east room approach ask rich help cut maintain degree.
ROLE1025,Director HR,Finance,Part-Time,Remote,0,5,"Python, Java, Marketing",3,Detail price right management right country method dark security speech vote choice movie provide family good far half visit over.
ROLE1026,Manager Sales,Operations,Full-Time,Seattle,0,1,"Java, Communication, Sales, Data Analysis",6,Smile lot myself view still ever himself message mouth down face seat across citizen party sign subject together.
ROLE1027,Intern Operations,Sales,Part-Time,San Francisco,4,7,"Java, Communication, Sales, Data Analysis",10,Laugh rest sort room positive whose clear or hour though because until party car program inside others green.
ROLE1028,Senior Engineering,IT,Part-Time,Remote,0,2,"Marketing, Data Analysis, Java, Excel",5,Include international sound account commercial evening spend report road summer ten.
ROLE1029,Lead Finance,Sales,Full-Time,Boston,4,8,"Marketing, Sales",1,Find available ability debate medical deep black yard paper answer one ever me cause affect pick television station produce.
ROLE1030,Senior Customer Support,Marketing,Full-Time,Boston,0,5,"Java, Marketing",2,Late word take bank across walk stay view those space possible leg executive teach break.
ROLE1031,Senior Finance,HR,Internship,Seattle,2,5,"Project Management, Communication, Sales, Marketing",1,Yeah last approach approach probably someone forget surface decade church value statement stop.
ROLE1032,Intern Finance,Marketing,Contract,Remote,4,5,"Python, Sales, Excel, Marketing",8,Book task address bad within language laugh scientist out pull model father share their including wait force exactly general read.
ROLE1033,Lead Customer Support,Sales,Internship,Boston,4,9,"Sales, Data Analysis",4,Tonight reach chair public local actually his environment huge central popular as worker picture seven idea they list organization.
ROLE1034,Manager Engineering,Operations,Contract,Boston,1,5,"Communication, Data Analysis, Java, Sales, Excel",4,Guess eight Mr radio including gun Republican I under hold break case.
ROLE1035,Lead Customer Support,Customer Support,Contract,Austin,3,7,"Data Analysis, Marketing, Sales, Python, Communication",5,Can agreement consider later follow sort authority challenge defense front organization.
ROLE1036,Mid-Level Sales,Engineering,Internship,Austin,5,9,"Data Analysis, Project Management, Excel, Marketing, Python",7,With former citizen civil property same admit bring long onto similar bad.
ROLE1037,Director IT,Operations,Internship,Remote,9,13,"Marketing, Project Management",10,See change stand price move society again certainly person.
ROLE1038,Mid-Level Sales,Finance,Internship,Remote,0,5,"Project Management, Python",7,Level ahead when stuff staff staff yard fight stay trouble go finish care director as.
ROLE1039,Junior Operations,Engineering,Part-Time,Remote,1,6,"Marketing, Sales, Python",9,Future fall party ever decide election trade certainly wonder care art.
ROLE1040,Manager Operations,Finance,Contract,Austin,10,12,"Python, Data Analysis, Communication, Project Management",4,Break program over already hope meeting concern actually rich impact entire challenge outside truth after.
ROLE1041,Junior Sales,Finance,Internship,Chicago,0,3,"Data Analysis, Java, Sales",3,Arm news body head sit cell young cold official wear school bed trouble find force general might whether.
ROLE1042,Director Marketing,IT,Contract,San Francisco,0,3,"Java, Communication, Python, Marketing",7,Best onto degree support my house knowledge significant scene.
ROLE1043,Director Customer Support,IT,Full-Time,San Francisco,5,8,"Java, Sales, Python",2,Appear hit still open military fast third ground quickly fish top project move here religious build.
ROLE1044,Lead Sales,HR,Internship,Chicago,5,7,"Python, Marketing, Sales, Java, Excel",4,Morning take ready section particularly line develop analysis hard movement.
ROLE1045,Director Customer Support,Engineering,Full-Time,San Francisco,8,11,"Sales, Project Management, Java",7,Raise week stock possible several sense base factor edge go move cause probably finish everything.
ROLE1046,Junior Engineering,Sales,Full-Time,San Francisco,7,12,"Communication, Data Analysis",8,Build economic black also heart little present theory help travel sometimes usually produce third although sell history.
ROLE1047,Junior Engineering,Sales,Contract,Seattle,5,8,"Data Analysis, Marketing, Communication, Python",3,Industry education particular ten stuff author than study old ever talk lose early or power daughter old bill.
ROLE1048,Junior Engineering,Operations,Part-Time,Remote,5,10,"Java, Python, Excel",5,Also buy attack task author just them international spring trouble born nature close tax season station finally democratic even.
ROLE1049,Junior Finance,Sales,Part-Time,Remote,2,4,"Data Analysis, Project Management, Communication, Python",3,Finally voice every eight prevent instead reach push century already north design later serious leave life record visit five attack.
ROLE1050,Intern Engineering,Operations,Contract,Remote,2,3,"Sales, Project Management, Marketing, Excel, Communication",10,Both left none clear clearly fear east then kitchen money lawyer national although strong risk investment term can teacher any.
ROLE1051,Manager Finance,Engineering,Full-Time,Chicago,6,9,"Project Management, Sales",7,Write today college there message arrive sign us our minute these be sister price friend visit itself mind back story.
ROLE1052,Mid-Level IT,Sales,Part-Time,Seattle,3,8,"Python, Data Analysis, Excel, Marketing",10,Amount many north scientist level economic cover late several today able live seek prepare ten.
ROLE1053,Director IT,IT,Part-Time,San Francisco,6,9,"Python, Marketing, Java, Communication",4,Medical both way wish morning rich expect health night second get entire vote main affect career onto.
ROLE1054,Intern Engineering,Customer Support,Full-Time,New York,6,9,"Excel, Java",4,High either push by not discussion maintain half four whole security majority number the choose no value.
ROLE1055,Intern HR,Marketing,Internship,Austin,6,9,"Data Analysis, Communication, Python, Sales",4,Catch difficult dream million white wrong support fast himself difficult whom professional.
ROLE1056,Senior Sales,IT,Contract,San Francisco,4,8,"Data Analysis, Java, Marketing",4,Result study other peace forget to area move figure black attention since themselves you figure land.
ROLE1057,Director HR,HR,Full-Time,San Francisco,2,6,"Data Analysis, Communication, Marketing",7,Be military learn several quickly black leader news Mrs remain.
ROLE1058,Manager Marketing,HR,Full-Time,Austin,6,8,"Project Management, Sales, Excel, Data Analysis, Python",6,Anyone war future newspaper major note water myself beat begin.
ROLE1059,Junior Finance,Customer Support,Full-Time,San Francisco,6,9,"Excel, Communication",2,Month rock especially often weight same remember accept own school social say condition perhaps.
ROLE1060,Manager Marketing,IT,Internship,Austin,0,4,"Java, Communication, Project Management, Marketing",6,Degree force could deal action none feeling rich business sport agent although large choice draw common consumer information.
ROLE1061,Mid-Level Operations,Sales,Full-Time,Remote,1,6,"Excel, Sales",9,Week enough morning travel least much case view media blood.
ROLE1062,Manager Operations,HR,Contract,Remote,2,3,"Communication, Java, Python",8,Those meeting city rise energy machine ahead together to whatever more performance should.
ROLE1063,Manager HR,Customer Support,Contract,Boston,3,5,"Data Analysis, Communication, Java",2,Necessary process senior site out system security also similar mission expert strong.
ROLE1064,Director HR,Sales,Part-Time,San Francisco,10,11,"Marketing, Project Management, Sales, Data Analysis",3,Professional win too minute college really avoid including degree beat later heart agree mouth myself relate.
ROLE1065,Lead Sales,Sales,Full-Time,San Francisco,2,4,"Marketing, Java, Project Management, Communication",6,Certainly plant news something position measure face others memory main popular.
ROLE1066,Lead Marketing,Operations,Contract,Remote,4,7,"Data Analysis, Marketing, Excel, Sales, Java",5,Onto maybe president remain quickly young adult audience traditional chair any personal third Congress test prevent pattern event create account.
ROLE1067,Junior Engineering,Marketing,Internship,Chicago,0,4,"Python, Project Management, Java, Marketing, Communication",1,Final loss girl people able manage dinner hand then party clearly.
ROLE1068,Intern Customer Support,HR,Contract,San Francisco,9,12,"Sales, Excel, Project Management, Java, Communication",2,Instead behavior her administration during partner end it leg somebody case catch movie resource choose field Mr give center another.
ROLE1069,Senior Engineering,IT,Internship,Remote,5,6,"Excel, Java, Project Management, Marketing",10,Ever from view experience mouth front measure herself may hot maybe miss stand away color land.
ROLE1070,Director Operations,Sales,Full-Time,Seattle,2,4,"Python, Java, Communication",4,Including current administration walk positive after suggest cause line director phone customer couple project force hundred.
ROLE1071,Mid-Level Customer Support,Customer Support,Contract,Chicago,5,7,"Data Analysis, Python, Communication, Sales, Excel",6,Tough almost recognize former girl enough audience star attention.
ROLE1072,Director Engineering,Engineering,Full-Time,New York,10,15,"Project Management, Data Analysis, Communication, Marketing, Excel",8,How half perform suggest enjoy government wonder turn customer discover write property soon hot wide rate car.
ROLE1073,Lead Marketing,IT,Part-Time,Boston,5,8,"Project Management, Java",2,Own expert look American fund station management democratic officer significant full example task investment nature last believe.
ROLE1074,Lead Engineering,Engineering,Full-Time,Remote,8,12,"Communication, Python, Data Analysis, Excel",9,Break career guy report edge six energy scientist democratic themselves have them society cut pull husband accept the young organization mouth.
ROLE1075,Junior Marketing,Marketing,Part-Time,Boston,10,14,"Sales, Project Management, Python",10,Head entire response trouble peace huge road mother look.
ROLE1076,Manager HR,HR,Part-Time,San Francisco,3,6,"Marketing, Excel",6,Improve inside none us officer car probably improve old condition.
ROLE1077,Manager Engineering,Operations,Full-Time,Austin,1,3,"Python, Project Management, Java, Excel",9,Among do majority drug ago nor however source size marriage car bag why choose statement office.
ROLE1078,Director Marketing,Engineering,Full-Time,Chicago,0,4,"Excel, Java",5,Establish only shake group hour reflect actually seem national computer yet they property exist cause control name American.
ROLE1079,Intern Finance,Customer Support,Part-Time,Boston,4,5,"Excel, Sales, Python",7,Finish player go economic much paper author development dog might off among remain full least mean.
ROLE1080,Manager Finance,HR,Full-Time,San Francisco,1,4,"Project Management, Python",1,Take outside bill particularly sometimes state nor section my onto.
ROLE1081,Senior Finance,Finance,Full-Time,Austin,3,5,"Project Management, Marketing, Communication, Sales",9,Push seem city either stay now itself war small begin building hard sign.
ROLE1082,Mid-Level HR,Customer Support,Contract,Boston,6,11,"Sales, Marketing, Data Analysis",7,Music and main between voice owner strategy option media capital same now professor then glass easy other affect property every.
ROLE1083,Intern Operations,Operations,Full-Time,Seattle,10,11,"Sales, Marketing, Excel",1,Begin cup stand necessary choice individual score military participant floor loss water article word yet thus.
ROLE1084,Intern Marketing,Finance,Full-Time,Remote,7,9,"Sales, Project Management, Communication, Excel",10,Other issue area fill though middle item former house conference despite parent seat support experience word.
ROLE1085,Manager Customer Support,Operations,Full-Time,Chicago,8,11,"Marketing, Communication, Sales, Data Analysis",4,Ok training change college audience hotel model feeling establish.
ROLE1086,Senior Sales,Operations,Contract,San Francisco,3,4,"Marketing, Project Management, Java, Python, Communication",6,Nothing stand expect benefit state stay president theory possible teacher.
ROLE1087,Junior Customer Support,Engineering,Internship,New York,6,9,"Excel, Project Management",2,Nature suggest population worry art economy group building fund expect beautiful already carry measure until issue family.
ROLE1088,Lead Operations,HR,Part-Time,Boston,2,3,"Data Analysis, Excel, Project Management",3,Window allow professional stay far really party body will natural couple staff break.
ROLE1089,Lead Customer Support,Marketing,Part-Time,Chicago,0,1,"Python, Java, Excel",5,Fish level team something factor along trouble myself base popular produce land I part.
ROLE1090,Director Marketing,Customer Support,Contract,San Francisco,9,10,"Communication, Excel, Data Analysis",9,House year writer conference when concern goal throw discussion player almost tree operation.
ROLE1091,Junior IT,Customer Support,Internship,Remote,0,4,"Communication, Sales, Java, Excel",4,Reason speech somebody current market evening yeah radio space take.
ROLE1092,Director Sales,Engineering,Internship,Austin,6,7,"Communication, Excel, Java, Marketing, Sales",5,Under off law fight onto boy rise street project put capital quite hold local sure bring break life.
ROLE1093,Mid-Level Marketing,Operations,Full-Time,Austin,1,5,"Project Management, Communication, Python",4,Build affect recognize himself help should support entire minute by occur change memory down share.
ROLE1094,Senior Customer Support,Engineering,Internship,Chicago,2,5,"Python, Data Analysis, Excel",2,White these tax hand on traditional believe authority strategy bed decade beyond within voice lead class road culture.
ROLE1095,Senior Customer Support,IT,Internship,Boston,7,12,"Data Analysis, Excel, Python, Project Management, Communication",6,Leader apply bring especially spring three brother trade pull sort story card news yard.
ROLE1096,Senior IT,Operations,Contract,Austin,6,11,"Sales, Communication",10,Foot finish guy power drive suddenly trip economy or several sure series both market fact floor need relate none.
ROLE1097,Senior Operations,Finance,Internship,San Francisco,1,6,"Communication, Project Management, Data Analysis",8,History quality budget candidate reduce degree their tend glass better now people answer practice cold tend later public should.
ROLE1098,Junior IT,HR,Full-Time,Seattle,0,1,"Data Analysis, Marketing, Sales",6,Part floor lay key process season room health thought beyond.
ROLE1099,Senior Engineering,Sales,Part-Time,Seattle,1,3,"Communication, Python, Marketing",10,The tonight where police seven interesting these wide wife off.
ROLE1100,Junior Marketing,Customer Support,Contract,Chicago,7,12,"Java, Data Analysis",9,State clear one exist according behind page full be none beat land sign whose us any compare bad expert image.
ROLE1101,Manager HR,Customer Support,Part-Time,Remote,6,9,"Java, Python, Marketing",7,Mr road up try bit name another remember family finish us science.
ROLE1102,Mid-Level Marketing,Customer Support,Internship,Chicago,5,8,"Project Management, Python, Excel, Communication, Sales",6,Drug toward machine yard interest own pressure production worry face art step into own around traditional loss.
ROLE1103,Manager HR,Marketing,Full-Time,Remote,4,7,"Sales, Data Analysis, Marketing, Excel",9,Blue ball full eight suffer fear notice relate so.
ROLE1104,Director Finance,Customer Support,Part-Time,Seattle,5,9,"Marketing, Data Analysis, Project Management, Java",4,Whom throughout produce tough capital understand movie kid class anything yard human modern situation level food investment already.
ROLE1105,Senior IT,Engineering,Part-Time,Remote,1,2,"Project Management, Java, Sales",4,Their campaign along I nor involve give current table fish respond data political.
ROLE1106,Junior Sales,Sales,Internship,Chicago,4,9,"Data Analysis, Project Management, Sales, Python",8,It debate conference seven series thing assume through education travel great indicate thought.
ROLE1107,Mid-Level HR,IT,Contract,Chicago,8,9,"Python, Sales",6,Ok job south lose meeting explain discuss remain attorney art seek save officer follow.
ROLE1108,Manager Finance,Engineering,Contract,Seattle,8,9,"Marketing, Sales",4,One growth bar station morning all lead eat situation to out.
ROLE1109,Intern Operations,IT,Internship,Remote,8,9,"Sales, Communication, Marketing",2,Later risk no thing others trade manage win can down.
ROLE1110,Manager Engineering,Finance,Internship,Austin,8,12,"Java, Marketing, Project Management, Excel, Python",7,Rock entire consumer record impact network common religious feel follow yes way marriage house key wonder serve around.
ROLE1111,Manager HR,IT,Full-Time,Seattle,1,3,"Data Analysis, Marketing, Python",1,Serious very blood life detail involve shoulder best debate say model visit success item.
ROLE1112,Intern HR,Operations,Part-Time,Chicago,1,4,"Excel, Java, Communication",3,Room tax with give business garden while into dinner say maintain good affect society more response candidate design that.
ROLE1113,Manager Sales,HR,Part-Time,New York,3,6,"Excel, Python, Java, Marketing",2,Check American and popular back but degree recently of social resource perform that shake apply.
ROLE1114,Mid-Level Sales,Customer Support,Part-Time,Austin,8,10,"Project Management, Sales",8,Behavior position member suggest cost site model key agree decide Congress manager leg tree without purpose business generation your minute.
ROLE1115,Junior IT,Operations,Contract,Chicago,1,4,"Project Management, Excel, Data Analysis, Marketing",6,Worry individual catch fish base television meeting Republican film near person wife you.
ROLE1116,Lead IT,Sales,Internship,Boston,10,12,"Sales, Project Management, Java, Data Analysis",10,Up maintain choose film south case southern you create case.
ROLE1117,Intern IT,IT,Full-Time,Seattle,7,9,"Sales, Data Analysis, Python",8,Window structure account focus machine floor deal executive perform chance wonder sit group sport room describe fly.
ROLE1118,Mid-Level Marketing,Marketing,Contract,Remote,9,14,"Marketing, Communication",4,Community animal similar career always could film hot no main statement.
ROLE1119,Junior Operations,IT,Contract,Boston,3,5,"Sales, Marketing",1,Movement reach however continue design democratic newspaper page family case morning leg seem camera manage who ready design.
ROLE1120,Director Sales,Sales,Contract,Seattle,8,11,"Marketing, Python, Java",8,Special our fear leader something technology stock song about.
ROLE1121,Senior Customer Support,IT,Full-Time,Boston,2,7,"Excel, Communication, Project Management, Marketing, Sales",6,Resource operation opportunity plan always claim owner hair again military front along whose actually.
ROLE1122,Intern IT,Customer Support,Part-Time,San Francisco,7,12,"Python, Sales, Excel, Project Management, Communication",10,Senior style next quickly organization traditional research soldier wind those thing green certain wrong although evening suddenly yourself.
ROLE1123,Mid-Level Sales,Operations,Internship,Seattle,8,12,"Java, Data Analysis, Python, Excel, Sales",4,Hour recent education term box card control large season though young world pay ever call.
ROLE1124,Intern Customer Support,Sales,Contract,Chicago,0,5,"Sales, Python, Marketing",8,Yes determine organization capital keep much heart else follow reality respond modern employee increase hot car.
ROLE1125,Senior Customer Support,Engineering,Contract,Remote,10,12,"Communication, Data Analysis",9,Among already sit consumer worker employee church form citizen add catch whom candidate year fund simply.
ROLE1126,Mid-Level HR,Operations,Internship,Chicago,8,12,"Python, Java, Sales",7,Remember land sort chance possible measure kitchen money debate perform.
ROLE1127,Intern Customer Support,Customer Support,Contract,Seattle,3,6,"Java, Marketing",5,Apply mouth add employee people reveal write four born.
ROLE1128,Junior Marketing,Finance,Internship,Austin,7,12,"Communication, Project Management, Data Analysis, Python, Java",8,Chance meeting project seven control source partner material should else ground national.
ROLE1129,Junior Finance,Operations,Internship,Chicago,2,3,"Marketing, Excel",9,Case drop start quickly sure billion parent sort soon since among bed citizen strategy more want green peace western.
ROLE1130,Junior Marketing,Engineering,Contract,Chicago,4,7,"Communication, Data Analysis",3,Design the defense soldier long government follow free candidate adult election mission support event find appear above each public.
ROLE1131,Mid-Level HR,Operations,Internship,Remote,3,7,"Communication, Excel, Sales",3,A car down carry alone city everything feeling program pretty attention while before trial want.
ROLE1132,Lead Marketing,Customer Support,Full-Time,New York,3,5,"Sales, Excel, Python, Marketing",9,National thus firm well north chance help information degree according impact develop I contain.
ROLE1133,Manager IT,Sales,Full-Time,Austin,10,13,"Python, Marketing, Communication",6,No blood its process do from buy heart again wear life range year poor.
ROLE1134,Director Marketing,HR,Full-Time,San Francisco,10,13,"Sales, Python, Marketing, Communication, Data Analysis",1,Strong any home service and paper decide race leave scene help impact western firm century energy.
ROLE1135,Senior IT,Sales,Internship,Chicago,3,5,"Data Analysis, Sales, Java, Excel, Communication",8,Past also off under safe still avoid on by pick maintain factor.
ROLE1136,Intern Engineering,Finance,Full-Time,Boston,4,6,"Marketing, Java",5,Successful result certain try theory indicate must consider tonight stop even determine hand board order where.
ROLE1137,Mid-Level Operations,Engineering,Contract,Boston,6,9,"Sales, Java, Python",1,Short perform throughout amount line whether owner wait conference figure director easy choose difference morning at professor than thing.
ROLE1138,Lead HR,Marketing,Part-Time,Chicago,7,11,"Sales, Marketing, Project Management",1,Movement energy nothing live week name vote baby situation half summer color study others goal usually discussion population.
ROLE1139,Senior Finance,Customer Support,Full-Time,San Francisco,1,4,"Python, Project Management, Java, Data Analysis, Communication",2,Gas structure event admit environmental what think ahead campaign police trouble glass.
ROLE1140,Lead Finance,Customer Support,Internship,Chicago,9,10,"Excel, Project Management, Marketing, Sales",8,Successful figure agreement book teach purpose somebody individual million.
ROLE1141,Intern Finance,HR,Full-Time,Seattle,4,9,"Marketing, Python, Communication",10,Staff address radio out throughout impact individual three thank buy marriage poor figure put person range local garden seat.
ROLE1142,Junior Finance,Customer Support,Part-Time,New York,4,6,"Excel, Python, Data Analysis",8,Memory ok wind country become simple add trial develop do sea.
ROLE1143,Mid-Level Operations,Sales,Part-Time,Austin,10,11,"Excel, Data Analysis, Java, Python, Project Management",2,At never without condition whether activity serious age bring PM onto crime open whom.
ROLE1144,Mid-Level Marketing,Marketing,Full-Time,Chicago,3,7,"Data Analysis, Java",10,Brother high game whole per over white method end card million deep else list ground second heavy majority born.
ROLE1145,Director HR,Operations,Internship,Chicago,9,11,"Sales, Marketing, Communication, Data Analysis",6,Expect heart treat east occur actually firm street mouth interest hundred really budget education trip thus author.
ROLE1146,Senior Customer Support,Customer Support,Full-Time,New York,10,11,"Python, Communication",10,Benefit power parent person his its common political act serious not price here record chair exactly we.
ROLE1147,Lead Sales,Finance,Internship,Austin,5,6,"Project Management, Python",1,Particularly own seek former cause land eat deal American among star could forward middle it hear.
ROLE1148,Director Sales,HR,Contract,San Francisco,9,14,"Project Management, Sales, Data Analysis, Java, Communication",9,Mention for nice official agreement stuff take least election among become task boy ball nice suggest.
ROLE1149,Intern Finance,Engineering,Contract,Austin,3,5,"Sales, Python, Excel, Communication",3,Here can design fly serious available heart Congress article huge likely admit similar.
ROLE1150,Mid-Level Marketing,HR,Part-Time,Seattle,10,15,"Java, Communication, Python, Project Management, Marketing",6,Impact executive can sport girl enter federal in Congress call show natural light onto.
ROLE1151,Mid-Level Sales,IT,Internship,Remote,2,4,"Marketing, Sales, Python, Communication, Excel",1,Really wife serve history skill blue third else seek close action reason.
ROLE1152,Manager Engineering,Sales,Full-Time,New York,2,6,"Python, Marketing, Sales",3,Form professor cause catch every child television remember order address particular ten.
ROLE1153,Intern Operations,Finance,Internship,Boston,0,5,"Java, Sales, Excel, Marketing, Data Analysis",1,Notice life or ball writer exist subject manager around style itself myself soldier various authority mission because stay think.
ROLE1154,Junior Operations,Customer Support,Internship,Austin,3,6,"Sales, Marketing, Java",10,Table them very specific get learn door the voice.
ROLE1155,Director Finance,IT,Internship,Remote,9,14,"Data Analysis, Java, Communication",7,Board Mr science structure relate thank prove should situation PM issue people.
ROLE1156,Lead Finance,Customer Support,Internship,San Francisco,4,6,"Communication, Python, Java, Sales, Project Management",8,Without woman wait future task order bit board charge break around player represent.
ROLE1157,Senior IT,Sales,Part-Time,Seattle,7,9,"Java, Python",9,Unit least deep throughout daughter teach third section drop throw analysis president.
ROLE1158,Junior Marketing,Operations,Internship,New York,2,6,"Excel, Sales",3,Law forget law fear special magazine process task enough line program.
ROLE1159,Intern Marketing,Customer Support,Part-Time,Austin,6,11,"Python, Data Analysis, Project Management, Java",3,Image skill ability make plant everyone idea alone prevent common.
ROLE1160,Lead Engineering,Marketing,Full-Time,Austin,4,8,"Java, Excel, Python, Sales, Marketing",2,Use window north do main child Congress what write important state quality minute sea.
ROLE1161,Mid-Level Finance,Finance,Part-Time,Boston,3,5,"Communication, Marketing, Excel, Data Analysis",3,Long author finally significant respond car operation inside miss win home.
ROLE1162,Mid-Level Marketing,Sales,Full-Time,Austin,2,5,"Sales, Marketing, Data Analysis, Excel",8,Interest player fall candidate image check huge or down present strategy join school sister again.
ROLE1163,Intern Marketing,Engineering,Internship,Boston,6,10,"Data Analysis, Python, Marketing",6,Wide decision list suggest now away however against several election down reach there.
ROLE1164,Intern Customer Support,Finance,Part-Time,Boston,10,15,"Python, Project Management, Communication",3,Car man drive tough adult at believe our data old entire lose analysis red enter thousand main building investment prepare.
ROLE1165,Senior Operations,Finance,Contract,Austin,7,9,"Excel, Sales, Python",9,Worry north include build gas tree agency success long program.
ROLE1166,Senior Finance,Marketing,Contract,Seattle,5,7,"Excel, Marketing, Python, Project Management, Data Analysis",5,Condition particularly country meet he trouble here lose capital.
ROLE1167,Junior Operations,Operations,Internship,Chicago,4,6,"Marketing, Data Analysis, Java, Sales",3,Always no determine so attorney this green she best everybody public lot success never father represent realize stand.
ROLE1168,Senior Sales,Marketing,Internship,New York,5,7,"Project Management, Python, Excel, Data Analysis, Communication",10,Question different church another gas politics himself network speech pressure customer poor short sense myself player.
ROLE1169,Senior Marketing,HR,Full-Time,Boston,3,8,"Project Management, Java, Data Analysis, Python",7,Floor the director sense current area type military ahead like she various easy customer brother check player.
ROLE1170,Junior Engineering,Finance,Full-Time,Austin,10,15,"Data Analysis, Project Management, Python, Sales, Marketing",4,Least buy him summer ok light keep thank red little human simply wind discussion second force.
ROLE1171,Senior Engineering,HR,Part-Time,San Francisco,5,8,"Marketing, Communication",10,Score even fill prepare memory hear response very although wide.
ROLE1172,Manager Sales,Customer Support,Full-Time,San Francisco,0,1,"Data Analysis, Project Management, Excel, Sales",8,Effort own effect so away particularly phone full where bar from.
ROLE1173,Junior Engineering,IT,Internship,San Francisco,2,7,"Project Management, Java, Sales, Python, Marketing",8,Quality front short none less everybody serve image fish rock.
ROLE1174,Mid-Level HR,Operations,Internship,Remote,9,11,"Communication, Data Analysis, Python",10,Soon send now stay leave woman hotel project nice everything participant response ready model.
ROLE1175,Junior HR,IT,Part-Time,San Francisco,0,5,"Project Management, Marketing",5,Hear feeling single role detail stop example effect art prove outside its Mrs than able scientist country pretty number.
ROLE1176,Junior Sales,Customer Support,Internship,San Francisco,1,6,"Project Management, Communication, Excel, Python, Sales",4,About must gun between figure child any series month far white newspaper go yard never light because central show.
ROLE1177,Senior Customer Support,Operations,Contract,New York,7,10,"Java, Marketing, Sales",3,Idea this store bar attention me ahead former collection become stuff each school think tax body be.
ROLE1178,Lead Customer Support,Finance,Internship,San Francisco,10,11,"Java, Sales, Data Analysis",2,Traditional author worker right break story important much condition.
ROLE1179,Director Marketing,Finance,Full-Time,Seattle,6,8,"Marketing, Communication, Data Analysis",4,Establish pattern hand the present certain language responsibility tax difference attorney how rich.
ROLE1180,Mid-Level IT,Sales,Internship,Boston,3,6,"Sales, Excel",6,Spring garden dinner national room opportunity color follow amount political.
ROLE1181,Junior Marketing,Finance,Contract,Remote,3,6,"Project Management, Python",10,Surface natural time avoid happen media conference medical yard threat treatment bill.
ROLE1182,Lead Marketing,Sales,Full-Time,New York,0,4,"Project Management, Python, Data Analysis, Communication, Java",8,Conference again prevent check leader we deal politics test have defense here health keep.
ROLE1183,Intern Customer Support,Operations,Part-Time,San Francisco,9,13,"Sales, Excel, Marketing",2,Old service big capital spend consider return year health middle fund development so evening allow ability.
ROLE1184,Mid-Level Finance,Sales,Contract,Austin,10,11,"Python, Communication, Marketing, Data Analysis, Project Management",8,Politics analysis room executive international example loss seven far wish rate they.
ROLE1185,Senior IT,Marketing,Contract,San Francisco,5,7,"Data Analysis, Project Management",10,Painting politics simply affect team push about take high stage kitchen sure fund difficult education tough responsibility enough continue size.
ROLE1186,Manager Sales,Sales,Internship,Remote,0,2,"Excel, Communication, Python, Data Analysis",3,Mind boy trouble officer or real benefit meeting plan bag owner great smile picture then although.
ROLE1187,Director Operations,Engineering,Part-Time,Seattle,1,4,"Project Management, Communication, Python",4,Whether resource pattern meeting throw south along close time suggest time improve teacher population listen every.
ROLE1188,Intern Sales,Engineering,Part-Time,Chicago,3,4,"Data Analysis, Project Management, Sales, Marketing, Java",2,North down career chance between daughter all speech more wide design down heart performance reveal heavy magazine federal all identify.
ROLE1189,Director Sales,Sales,Part-Time,Remote,9,12,"Python, Communication, Marketing, Sales",7,Success factor have vote hot manage something woman across challenge herself edge mother create capital by food film baby challenge.
ROLE1190,Mid-Level Engineering,Marketing,Full-Time,Remote,0,4,"Marketing, Data Analysis, Project Management, Python",5,Toward call total allow computer certain machine they reflect offer baby affect much condition many popular after star.
ROLE1191,Manager Finance,Customer Support,Full-Time,Boston,9,11,"Excel, Marketing, Sales, Python",6,Key class down to grow rather anyone government difference police dinner build society long.
ROLE1192,Mid-Level Finance,Finance,Part-Time,Austin,0,4,"Java, Sales, Marketing, Excel, Data Analysis",10,Reality song ground walk age radio forward million catch time reflect continue social finally model behavior sing seat along.
ROLE1193,Intern Engineering,HR,Internship,Boston,5,8,"Project Management, Communication",4,From onto community toward machine husband society read person institution feeling I nor less himself simply.
ROLE1194,Director IT,HR,Full-Time,Chicago,1,2,"Data Analysis, Excel",6,Able always situation continue else happy nice person middle city notice what capital.
ROLE1195,Director Sales,Customer Support,Internship,Boston,2,3,"Marketing, Communication, Excel",1,Prevent small employee major memory now control service break build matter lead figure interesting.
ROLE1196,Senior Customer Support,Engineering,Full-Time,Chicago,2,6,"Excel, Marketing, Java, Communication",6,Develop appear turn others rest within ago ability family between your dinner mouth their although full I hair.
ROLE1197,Director Sales,Marketing,Full-Time,Remote,2,3,"Java, Sales",1,Collection class new boy partner later maintain loss employee everyone necessary collection amount center anyone shoulder song.
ROLE1198,Manager Marketing,IT,Internship,Boston,0,5,"Data Analysis, Excel, Sales",6,House strategy pretty only get admit citizen report deal add consider win really nor.
ROLE1199,Lead HR,Finance,Contract,New York,8,13,"Project Management, Communication, Marketing, Sales, Excel",1,World new doctor between business home huge reason including surface together capital front probably participant remember.
ROLE1200,Mid-Level Marketing,Marketing,Full-Time,New York,10,11,"Data Analysis, Project Management, Marketing, Excel",7,Environmental true serious there art part place election response value attention owner.
ROLE1201,Lead Customer Support,Operations,Part-Time,San Francisco,6,9,"Excel, Python, Communication, Java, Data Analysis",1,Realize thousand generation success name better thank skin brother growth.
ROLE1202,Junior Finance,Marketing,Part-Time,Boston,9,11,"Java, Sales",1,Such good seat particularly participant operation smile everything share door our explain it behind share step factor better specific response.
ROLE1203,Junior Customer Support,Engineering,Full-Time,San Francisco,7,8,"Data Analysis, Excel",6,Fill modern be son new few inside generation teach population time meet region evening early agreement action.
ROLE1204,Intern Marketing,Engineering,Internship,Seattle,2,6,"Excel, Marketing, Communication, Data Analysis",2,End south quite suddenly of despite beyond million sure wind project method imagine responsibility offer room create involve among early.
ROLE1205,Manager Finance,Sales,Contract,Chicago,9,10,"Communication, Python, Data Analysis, Excel, Java",6,Them along religious though positive country drop per along tend another data beyond begin evening create better.
ROLE1206,Intern Engineering,Operations,Contract,Remote,9,14,"Python, Excel, Marketing, Project Management, Communication",3,Democrat mother bed world item today thing may large time themselves side mother.
ROLE1207,Mid-Level HR,Sales,Full-Time,Boston,5,9,"Java, Project Management, Sales, Excel",9,Father drive individual wish statement skin that drop standard provide section finish information together mother scene project the environmental.
ROLE1208,Manager Operations,HR,Contract,New York,9,13,"Communication, Java, Python, Marketing",9,Painting certain particular cover remain man everything care not time today beautiful tree make travel sort bag.
ROLE1209,Lead IT,IT,Part-Time,San Francisco,5,8,"Communication, Python, Sales",3,Safe home agree score best particular subject easy international.
ROLE1210,Intern Engineering,Sales,Part-Time,New York,6,11,"Java, Python, Communication",7,Think worry speech game ever stop way heavy piece against.
ROLE1211,Mid-Level Finance,HR,Contract,San Francisco,1,3,"Marketing, Java, Communication, Sales",4,By discuss your notice fire vote region yourself attention within prove physical.
ROLE1212,Intern Engineering,Customer Support,Part-Time,New York,0,3,"Marketing, Data Analysis, Communication, Project Management",4,Effect his floor support Democrat use near attention out especially health already hear capital agency.
ROLE1213,Junior Sales,IT,Full-Time,Remote,10,12,"Communication, Marketing",7,Treatment success take second want present wind major ready mean politics paper expect sister federal meet me news degree land.
ROLE1214,Mid-Level Operations,HR,Full-Time,Seattle,3,4,"Communication, Java, Excel, Data Analysis, Sales",1,Bad similar indicate down at account whom bar as store.
ROLE1215,Lead Finance,Operations,Full-Time,Boston,10,11,"Project Management, Data Analysis, Communication",1,Continue long personal high tell democratic blue character something specific success friend other matter likely until read or anything.
ROLE1216,Junior Marketing,Operations,Part-Time,Austin,0,5,"Java, Sales, Communication, Marketing, Excel",2,Mission others make sister section building family market rate cultural coach successful case grow sing heavy character skin almost.
ROLE1217,Mid-Level Engineering,Finance,Part-Time,San Francisco,7,8,"Data Analysis, Excel, Communication",10,Threat first fine open share debate section human own go choose card scientist building home go treat deal face want.
ROLE1218,Director Sales,Engineering,Full-Time,Boston,10,11,"Java, Communication",10,Meeting capital buy until thought a street record significant building most Mr focus improve must whose do.
ROLE1219,Manager Sales,Engineering,Internship,Remote,10,12,"Excel, Sales",10,Executive age run fall adult next east city there white ability avoid position seem both hospital always ground floor.
ROLE1220,Mid-Level Customer Support,Customer Support,Contract,San Francisco,0,5,"Python, Java",3,Ten song leader young help information Mr stop leader law thing hope against.
ROLE1221,Junior Sales,Customer Support,Contract,Boston,0,4,"Project Management, Communication, Excel, Sales",3,Material chance fill article pay fear pay hit part provide at you modern area partner card.
ROLE1222,Manager Operations,IT,Part-Time,San Francisco,7,10,"Project Management, Communication, Data Analysis, Marketing",8,Usually during another young game child only bill red available argue but positive ahead yeah.
ROLE1223,Mid-Level Engineering,Finance,Internship,Remote,9,14,"Sales, Java, Excel",10,Involve number although popular produce marriage mission clear medical political forget order improve oil interesting.
ROLE1224,Mid-Level Customer Support,IT,Full-Time,Boston,8,11,"Excel, Data Analysis, Python",5,True how president drug who study buy crime man agency production hold.
ROLE1225,Mid-Level HR,IT,Full-Time,Seattle,10,15,"Project Management, Data Analysis",3,Without people turn for place economic matter hold human so hospital computer interesting religious economic very city.
ROLE1226,Lead Sales,IT,Part-Time,San Francisco,0,2,"Java, Python, Marketing, Sales, Data Analysis",1,Item modern bag activity goal green admit no vote treatment boy star democratic chance product often page yet.
ROLE1227,Mid-Level Finance,Engineering,Internship,Austin,5,9,"Sales, Communication, Data Analysis, Python",8,Hold beautiful present different build sister someone activity improve.
ROLE1228,Junior Finance,Engineering,Full-Time,San Francisco,7,8,"Java, Python, Communication",2,Agent media visit make consider house already head detail image create.
ROLE1229,Junior Marketing,Marketing,Internship,San Francisco,6,11,"Data Analysis, Python, Communication, Project Management, Excel",10,Management world decision send product final red bit imagine.
ROLE1230,Manager Operations,Marketing,Contract,Boston,6,8,"Marketing, Java, Python, Excel",3,Road reality other face capital arm talk between situation analysis later here level land try second go official possible.
ROLE1231,Junior Customer Support,HR,Full-Time,Seattle,7,9,"Java, Sales, Excel, Python",1,Choose perform store population past little wrong tough list measure walk food election major rule attention traditional.
ROLE1232,Director Marketing,Operations,Part-Time,Seattle,5,7,"Python, Marketing, Java, Communication, Project Management",10,Game sound expert training something fear after computer always approach green send history make top million.
ROLE1233,Intern HR,Operations,Internship,Chicago,0,1,"Python, Project Management",1,Number here over occur decide we store different to voice suddenly statement water rather animal have.
ROLE1234,Mid-Level IT,IT,Contract,Austin,8,9,"Python, Java, Excel, Communication",1,Should though radio order result current often value option physical society mind staff training.
ROLE1235,Junior IT,Engineering,Contract,San Francisco,1,3,"Project Management, Data Analysis",1,Maybe thought then decade test whole trouble soldier reduce choice message one visit society senior over last wish carry.
ROLE1236,Junior Finance,Finance,Full-Time,New York,8,9,"Python, Data Analysis, Marketing, Project Management",5,Beautiful town finally identify clearly us brother capital next research office deep serious more.
ROLE1237,Lead Finance,Operations,Part-Time,Austin,7,8,"Marketing, Python, Sales, Data Analysis",3,Among full play home then peace friend step place local stock officer some answer wife yet.
ROLE1238,Director IT,Finance,Internship,Boston,7,10,"Communication, Excel",6,Fish voice various thank scientist tonight catch design animal score.
ROLE1239,Intern IT,Finance,Contract,New York,0,4,"Project Management, Communication, Data Analysis, Sales",8,Debate big special front point watch side attention work politics customer seat American attention level house occur popular else.
ROLE1240,Junior Engineering,IT,Part-Time,Chicago,7,12,"Sales, Project Management, Communication",7,Trip option red south guy miss city record be look crime which watch impact remain involve live.
ROLE1241,Lead Marketing,Engineering,Full-Time,Austin,10,14,"Project Management, Communication, Excel, Marketing, Python",8,Discussion care herself defense order week American chance speak sing beat girl kind agency Republican gas very.
ROLE1242,Junior IT,HR,Contract,New York,6,10,"Project Management, Data Analysis, Python, Java, Sales",3,Everybody far right easy school candidate may minute region officer woman it half media add.
ROLE1243,Intern Operations,Marketing,Full-Time,Remote,6,11,"Java, Sales, Project Management",4,Month any surface writer wonder member fund left over dinner discuss same beautiful around book manager travel father particularly reduce.
ROLE1244,Junior Finance,IT,Contract,Seattle,4,5,"Data Analysis, Project Management, Java, Marketing",2,Event recognize senior first behind something base require reveal charge.
ROLE1245,Mid-Level Engineering,Finance,Contract,Remote,6,7,"Java, Communication",5,Next capital cut human staff score fine himself include catch machine lose.
ROLE1246,Senior IT,Marketing,Internship,New York,10,12,"Excel, Python, Sales, Communication, Marketing",3,North apply door can one reduce Democrat realize plant not from skill recent building city employee.
ROLE1247,Intern HR,HR,Part-Time,San Francisco,10,14,"Java, Excel, Project Management, Communication, Data Analysis",2,Night hair understand area begin card per grow just unit be expect believe nation crime open new.
ROLE1248,Director Finance,Finance,Internship,New York,6,7,"Excel, Marketing, Communication, Python",10,Fly nothing court news toward usually enough turn your.
ROLE1249,Director Sales,Finance,Contract,New York,1,5,"Java, Communication, Marketing",8,Magazine office eight difficult allow suggest audience its impact medical matter operation become letter that most father other western.
ROLE1250,Lead IT,Finance,Contract,Boston,10,15,"Project Management, Python, Excel, Communication",5,Customer better blood country worker experience officer experience particularly pick second live service career.
ROLE1251,Lead IT,Sales,Contract,San Francisco,8,13,"Python, Excel, Marketing, Java, Data Analysis",6,Skill cost his dinner example clear north college they particularly them onto rise magazine me between spend including air.
ROLE1252,Mid-Level Finance,IT,Contract,Seattle,4,9,"Data Analysis, Sales, Project Management",2,Ready room environmental moment alone top test the kitchen political major stock other part new.
ROLE1253,Lead IT,Engineering,Internship,Boston,7,12,"Python, Excel, Marketing, Java, Data Analysis",3,National can reality expect matter high human project and rule attention throughout garden including audience foreign risk population.
ROLE1254,Intern HR,HR,Contract,Remote,2,3,"Project Management, Excel",10,Almost each thank while of realize central democratic population.
ROLE1255,Mid-Level Operations,Engineering,Part-Time,San Francisco,9,10,"Project Management, Data Analysis, Sales",5,Film along to series appear stop owner rather win yard.
ROLE1256,Junior IT,Operations,Contract,Boston,8,11,"Python, Project Management, Java, Sales, Communication",8,Size head ok face necessary cost popular statement peace something course follow deep theory green.
ROLE1257,Director Finance,Engineering,Contract,Seattle,5,10,"Java, Sales, Project Management, Python, Excel",8,Store suggest boy easy single everyone answer either senior speech pick discussion.
ROLE1258,Mid-Level Customer Support,Engineering,Full-Time,Seattle,8,9,"Data Analysis, Java",5,Laugh window soldier simple sing sit produce evening organization tell full go and be.
ROLE1259,Mid-Level IT,Marketing,Part-Time,Boston,4,5,"Communication, Project Management, Excel",6,Itself recently bag purpose bar there however there past yard thought health once live him everything rock network sound.
ROLE1260,Lead IT,Engineering,Internship,Chicago,1,2,"Python, Sales, Marketing",6,Various peace room camera research really task Mrs rise.
ROLE1261,Manager Operations,HR,Internship,New York,5,9,"Project Management, Data Analysis, Marketing, Python, Sales",9,More have suffer key if such themselves almost marriage office standard.
ROLE1262,Manager Marketing,Sales,Full-Time,New York,7,10,"Sales, Communication, Java",8,Article agent name want ago start onto start onto probably strong candidate contain.
ROLE1263,Manager IT,Sales,Part-Time,Seattle,1,3,"Excel, Project Management",3,Live effort explain evening manager start finally establish available difficult.
ROLE1264,Lead Finance,Customer Support,Part-Time,Boston,3,5,"Python, Data Analysis, Marketing, Communication",2,Successful property middle its south real inside main professor history edge kid we.
ROLE1265,Senior Customer Support,Customer Support,Full-Time,Remote,7,8,"Excel, Marketing, Java, Sales, Python",5,Night vote return statement hear fly over usually agree student wife movie ready unit bed suddenly seven team fish.
ROLE1266,Mid-Level Sales,Customer Support,Part-Time,Boston,6,9,"Excel, Communication, Java, Project Management",9,If receive sit few want century card card window short way actually.
ROLE1267,Lead Operations,Engineering,Full-Time,Chicago,4,6,"Data Analysis, Marketing, Project Management",5,Every quite represent true exist turn sister stage boy place computer anything suggest back your ready body think.
ROLE1268,Mid-Level Finance,Marketing,Full-Time,Austin,8,10,"Data Analysis, Python, Marketing, Java, Communication",1,Suffer appear beautiful blood fear well radio participant again family adult light unit best common ago area PM recently.
ROLE1269,Director Customer Support,Engineering,Internship,Remote,10,12,"Excel, Python, Sales, Communication",4,Positive though me floor ten watch bag suddenly room deep spend report.
ROLE1270,Director Engineering,IT,Full-Time,Austin,2,6,"Communication, Sales, Data Analysis",8,Really prevent it who look eye sense late night speak tree letter painting step prove eat painting today activity.
ROLE1271,Mid-Level IT,Finance,Full-Time,New York,8,11,"Sales, Communication",2,Plant response world study glass table identify hit station member.
ROLE1272,Lead Operations,Customer Support,Internship,San Francisco,5,7,"Project Management, Java, Marketing, Excel",2,Other pick brother look picture billion spring real behind quickly.
ROLE1273,Director Sales,IT,Internship,San Francisco,8,10,"Sales, Java, Excel, Python",8,Fact open population also somebody yard mother better resource offer moment its radio its career.
ROLE1274,Manager Customer Support,HR,Part-Time,Austin,2,5,"Project Management, Java, Excel",6,Rule night manage among debate room clear message want defense.
ROLE1275,Intern HR,Operations,Contract,New York,3,7,"Data Analysis, Communication, Sales, Project Management, Marketing",2,Magazine prevent wear machine buy term through news wind professor Republican often yes thousand base believe drug summer.
ROLE1276,Director IT,Sales,Part-Time,Austin,9,12,"Marketing, Communication, Java, Data Analysis",5,Wait around sell show clear city ten possible among firm system high conference American organization lot bank without plant memory.
ROLE1277,Manager Marketing,Finance,Full-Time,New York,5,10,"Python, Project Management",9,Section financial century share since child whether likely personal.
ROLE1278,Director IT,IT,Contract,New York,7,12,"Sales, Excel, Java",7,Born care history inside player young require attention like.
ROLE1279,Junior IT,Sales,Part-Time,New York,0,5,"Project Management, Sales, Java",7,Other operation article allow far central expect arm long alone even data car least Democrat off.
ROLE1280,Junior Marketing,Engineering,Contract,San Francisco,8,10,"Marketing, Project Management",10,Feel decide perhaps apply compare book candidate lay cold page contain among election itself close show.
ROLE1281,Mid-Level Operations,HR,Part-Time,Chicago,1,6,"Communication, Java, Excel, Python",4,Very point Congress relate specific itself mission until some wind born yeah sometimes analysis.
ROLE1282,Manager Sales,Marketing,Full-Time,Austin,1,6,"Marketing, Sales, Communication, Java",4,Indeed apply nice add model develop garden than left small TV evidence hotel relate next time.
ROLE1283,Senior Customer Support,IT,Part-Time,Seattle,1,2,"Python, Sales, Excel, Marketing, Communication",8,Child suddenly ago fund test eight face throughout main thing close player dinner late employee.
ROLE1284,Director IT,Engineering,Part-Time,Boston,8,10,"Java, Excel, Sales, Communication, Project Management",3,Leader carry country collection without impact need every dinner back prepare fire national hold hear wonder interview a month audience.
ROLE1285,Senior Finance,HR,Internship,San Francisco,9,13,"Sales, Data Analysis",6,Election get whatever idea modern head face rise simple civil.
ROLE1286,Mid-Level Sales,Customer Support,Full-Time,Remote,6,9,"Communication, Marketing, Python",9,Despite read tell piece recognize decision technology begin claim center network course weight century note student themselves rise.
ROLE1287,Intern Finance,Engineering,Contract,Remote,0,4,"Marketing, Java",8,Send prevent tend speak south before successful way rule charge more card.
ROLE1288,Director Finance,Marketing,Internship,Chicago,10,11,"Communication, Marketing",4,Realize care whom mention read other trip number onto education.
ROLE1289,Senior Sales,Customer Support,Full-Time,Seattle,9,11,"Communication, Java, Excel, Project Management",2,Notice section season lay trial ago need medical floor page yourself truth could special few.
ROLE1290,Manager Operations,Operations,Internship,Chicago,2,4,"Data Analysis, Excel",7,Next knowledge might identify so president could production always call current meet health development manager statement project seem.
ROLE1291,Senior Sales,Finance,Part-Time,Seattle,2,6,"Project Management, Communication, Marketing, Java, Excel",4,Serious same level real prevent near stop class sound describe off information spend what ever ok land another would indicate.
ROLE1292,Lead Operations,IT,Part-Time,Boston,10,12,"Python, Excel",9,Enjoy society upon discover decide former box person most but property moment down subject seek community war peace.
ROLE1293,Senior Operations,Finance,Part-Time,Boston,9,13,"Data Analysis, Python",1,Only in evening meeting new art responsibility produce call simple century some treatment.
ROLE1294,Junior Marketing,Marketing,Contract,Chicago,7,12,"Communication, Data Analysis, Sales, Python",2,Word size music while interesting forget analysis almost what various center full street main capital population recognize.
ROLE1295,Junior Sales,Finance,Internship,Chicago,10,11,"Python, Excel",4,Read meet light huge power chance prepare statement property.
ROLE1296,Intern Engineering,Sales,Part-Time,Austin,3,5,"Data Analysis, Sales, Project Management, Communication",9,Subject beat have late security eye bar get interview PM involve arrive budget.
ROLE1297,Junior Marketing,Engineering,Internship,Boston,8,13,"Sales, Communication",7,Story seem office mission seek onto require price remember line your others summer turn federal.
ROLE1298,Manager Operations,Operations,Part-Time,Remote,10,13,"Excel, Project Management, Python, Sales",9,Smile attorney condition surface fine fight blood American score trade keep our admit sense.
ROLE1299,Director Operations,IT,Part-Time,Boston,0,3,"Java, Excel, Project Management, Marketing, Python",7,Key remember quickly class day relate role serve lose because.
ROLE1300,Lead Sales,Sales,Internship,New York,4,6,"Data Analysis, Python, Communication",8,Card hear later million answer heavy wish which these everything usually chair involve girl side same cause part since phone.
ROLE1301,Junior IT,HR,Internship,Austin,10,11,"Python, Project Management, Communication, Java, Marketing",8,Visit relationship learn available everyone want he rate smile call by operation show wish.
ROLE1302,Mid-Level Operations,Marketing,Contract,Chicago,1,5,"Project Management, Communication, Marketing, Sales, Python",5,From interview if establish year scientist water set it support try these bring bar building discussion from central far.
ROLE1303,Lead IT,Marketing,Part-Time,Austin,10,15,"Project Management, Java",3,Their reveal amount mission world consider must produce sure few.
ROLE1304,Lead HR,Finance,Part-Time,Seattle,6,10,"Java, Marketing, Python, Data Analysis, Sales",7,Institution they recognize product whatever approach about those allow section nor stand receive girl finish water boy hundred.
ROLE1305,Intern Sales,Customer Support,Contract,Remote,10,13,"Data Analysis, Sales, Communication",3,One spring federal current reflect middle wear laugh physical door name personal those within collection difference foot few seven author.
ROLE1306,Lead Finance,Operations,Part-Time,Remote,4,7,"Excel, Sales, Project Management",6,Building relate despite day ask on science television want student deep thank edge.
ROLE1307,Manager Sales,Marketing,Full-Time,Seattle,8,12,"Project Management, Communication, Excel",4,Once car report goal culture social simply quickly organization job right truth your series.
ROLE1308,Junior Finance,HR,Contract,New York,10,11,"Java, Marketing, Project Management",7,When all more join since evidence while over to could student rock deep goal rate threat new fund.
ROLE1309,Mid-Level Marketing,IT,Internship,New York,1,3,"Java, Excel, Project Management",4,Sure hold television hand exist room computer head hot medical main.
ROLE1310,Manager IT,IT,Full-Time,Boston,0,5,"Marketing, Python, Excel, Data Analysis, Project Management",1,Despite discussion town as ahead bag most ahead us health daughter before senior hit particularly.
ROLE1311,Senior Finance,Finance,Part-Time,San Francisco,2,5,"Data Analysis, Marketing, Python, Communication",5,Live agent evidence the family either especially security during card.
ROLE1312,Lead Operations,Finance,Full-Time,Austin,5,9,"Java, Project Management",9,Down however throw too before news listen should rather thought.
ROLE1313,Senior HR,Customer Support,Part-Time,San Francisco,5,10,"Marketing, Java, Sales, Excel, Python",3,Hope coach pattern sure sure perhaps arm sound recent indicate sound role if explain receive week rather season receive least.
ROLE1314,Lead Engineering,HR,Full-Time,Seattle,6,9,"Communication, Project Management, Java",3,Exist reflect research site reduce mother measure fact none physical enjoy agreement tell above century tough less throughout attorney.
ROLE1315,Director Finance,HR,Internship,Boston,9,11,"Project Management, Excel, Sales",6,Region real not accept officer deal perform approach party human.
ROLE1316,Senior HR,Marketing,Contract,Boston,6,11,"Project Management, Communication, Data Analysis, Excel, Python",4,Section onto stuff administration eight end data sound however every machine detail with four budget nothing movie many thus pick key.
ROLE1317,Senior Finance,Engineering,Full-Time,Chicago,7,12,"Marketing, Project Management, Java",6,Top speak security well task I far especially listen recent fill type born exist sound everyone out drug book like.
ROLE1318,Lead Customer Support,Engineering,Internship,New York,7,10,"Sales, Java, Communication, Project Management",8,Today exactly behind decision perform operation fact option sometimes along main weight however face wide buy.
ROLE1319,Mid-Level Engineering,Finance,Contract,San Francisco,7,11,"Java, Excel, Project Management, Marketing, Communication",2,Task dark bag woman begin low issue mouth somebody.
ROLE1320,Mid-Level Engineering,Sales,Full-Time,New York,2,3,"Communication, Project Management",4,Time resource film about today sense people wife beat.
ROLE1321,Manager Engineering,Marketing,Part-Time,New York,8,12,"Python, Data Analysis, Communication",6,Subject head along especially question this leave fire production drug film.
ROLE1322,Director Customer Support,HR,Full-Time,Austin,9,11,"Excel, Sales, Python, Communication, Marketing",7,Attention both girl commercial recognize free hour with approach across within nearly nearly responsibility pull line set debate plan least.
ROLE1323,Manager Finance,Marketing,Contract,Seattle,3,6,"Marketing, Project Management, Excel, Java, Sales",3,Friend how within receive trouble political here point general citizen position group option politics lose marriage reveal nothing method as.
ROLE1324,Mid-Level Operations,HR,Full-Time,Chicago,10,14,"Java, Marketing, Excel, Python",6,Find often report machine into down strategy thing feel line position test away win growth since stock third many run.
ROLE1325,Junior Engineering,Customer Support,Part-Time,Seattle,5,10,"Excel, Python",9,Travel sea Democrat race inside thing win kind television offer break or.
ROLE1326,Manager IT,Sales,Full-Time,San Francisco,5,6,"Python, Sales",5,Model experience size suddenly their material thing his force note.
ROLE1327,Intern Operations,Operations,Internship,San Francisco,10,12,"Data Analysis, Python",9,Cost hundred democratic option investment word appear single research because material teach certain.
ROLE1328,Junior HR,IT,Part-Time,San Francisco,9,10,"Excel, Python",8,Unit sister all recently machine professor boy recent believe local trip million chance its important.
ROLE1329,Senior Marketing,Marketing,Full-Time,San Francisco,3,5,"Data Analysis, Python, Marketing, Communication",10,Course family raise camera hold address himself less someone field throughout image.
ROLE1330,Senior HR,Engineering,Full-Time,Seattle,10,13,"Project Management, Marketing, Excel",3,Thought early somebody else attack analysis thought act everything again impact scientist.
ROLE1331,Manager Finance,Finance,Internship,Chicago,5,10,"Marketing, Communication",4,Pattern benefit cut that cell describe become resource prove huge question here moment pattern strategy painting stage child difference wonder process.
ROLE1332,Junior Marketing,IT,Full-Time,Seattle,3,8,"Excel, Java, Sales, Python",7,Collection long set whose major conference ten section century four send another check watch.
ROLE1333,Mid-Level Finance,Customer Support,Internship,San Francisco,5,6,"Java, Python",9,Attorney chair move paper answer former dog fill community to accept yet third price even should light.
ROLE1334,Director Marketing,Finance,Part-Time,Boston,1,6,"Python, Java, Sales, Project Management",7,Near finally campaign police box writer light three challenge.
ROLE1335,Lead HR,Engineering,Internship,Austin,7,11,"Sales, Project Management, Data Analysis, Python",8,You network among fill she actually may course eat compare rate perhaps sound hair six join along note reduce enter.
ROLE1336,Junior HR,Sales,Internship,San Francisco,10,14,"Data Analysis, Excel, Java, Marketing, Python",10,Seven international go behind receive go player rule firm agree want culture interview out hair.
ROLE1337,Mid-Level HR,Marketing,Contract,Seattle,10,11,"Excel, Java, Marketing",4,Actually area senior give respond word bar bill for action table story wall expect.
ROLE1338,Junior HR,Finance,Contract,Boston,5,9,"Data Analysis, Java, Excel, Project Management, Communication",8,Commercial professor free relationship none her born senior hair under daughter energy hard around discuss eye far group.
ROLE1339,Manager Marketing,IT,Part-Time,Remote,4,7,"Excel, Java, Communication, Data Analysis",6,Will say member recent strong present eight wait service manage that house fight both other.
ROLE1340,Intern IT,IT,Part-Time,Remote,5,8,"Communication, Marketing, Java",5,Five guess behavior peace wrong lawyer lose spring man relate wife follow their special end partner.
ROLE1341,Junior Finance,Engineering,Part-Time,Boston,4,6,"Marketing, Data Analysis, Java, Project Management",3,Garden become rule happen turn already view stuff street such myself single huge consider.
ROLE1342,Director Engineering,Engineering,Part-Time,Boston,5,6,"Sales, Data Analysis",10,Firm actually sing Democrat general enjoy dinner third region him close industry bring history reason or.
ROLE1343,Director Sales,Customer Support,Contract,Remote,4,7,"Communication, Java, Data Analysis, Sales, Excel",6,Lose show speak old hold less church article especially miss.
ROLE1344,Manager HR,Customer Support,Contract,San Francisco,3,7,"Java, Python, Communication, Project Management, Marketing",3,Attack quality simple science class figure fund room person spend experience process so husband land executive article season agent stay.
ROLE1345,Junior IT,Engineering,Internship,Remote,4,9,"Communication, Data Analysis, Sales, Excel, Java",8,Arm young again hard bit social turn teach difficult account health realize situation benefit important film traditional service.
ROLE1346,Intern Sales,IT,Part-Time,San Francisco,7,10,"Marketing, Data Analysis, Communication",3,Management source yeah far suddenly place resource usually discussion field.
ROLE1347,Mid-Level Finance,Sales,Internship,Seattle,5,9,"Java, Project Management, Sales, Communication, Data Analysis",1,Find section water ball drug I never season strong in left reach coach economy understand happy range fly.
ROLE1348,Mid-Level Customer Support,Customer Support,Part-Time,San Francisco,0,5,"Communication, Project Management, Excel",2,Culture senior card firm consider anything again cold seven growth.
ROLE1349,Senior Customer Support,Sales,Part-Time,New York,10,11,"Sales, Marketing, Python, Excel",2,Start save safe drop film player particularly by tend feeling use staff.
ROLE1350,Intern HR,HR,Contract,New York,1,4,"Data Analysis, Python, Communication, Marketing, Java",6,Forget talk college crime reflect skill road door development use for bar race long goal business.
ROLE1351,Intern IT,Finance,Part-Time,New York,5,10,"Sales, Project Management, Marketing",10,Argue finish work technology page threat each while read large at memory southern clearly lawyer foot subject bed.
ROLE1352,Mid-Level Operations,HR,Contract,Boston,0,2,"Sales, Data Analysis",10,Buy success research system six reality make American skill.
ROLE1353,Senior Operations,Operations,Full-Time,Remote,4,8,"Java, Data Analysis, Excel, Project Management",2,Explain official evidence kitchen suddenly since he claim specific factor in fine director eye writer approach five finally close what.
ROLE1354,Junior Marketing,IT,Contract,Austin,9,14,"Communication, Marketing, Excel",5,Final suggest message star go into wait television friend military ready officer other economy operation four.
ROLE1355,Junior Operations,Customer Support,Part-Time,Boston,2,3,"Project Management, Data Analysis, Python, Marketing, Java",6,Bring street service provide guy any answer down morning throughout candidate new agent first agree include sport.
ROLE1356,Lead Operations,Operations,Part-Time,Austin,5,10,"Java, Marketing, Sales, Excel, Data Analysis",4,Coach standard early staff be nation which land that under since audience weight go live how although model family.
ROLE1357,Intern Marketing,Marketing,Contract,Austin,0,5,"Excel, Project Management",6,Let dog rule majority treat dream writer after compare top drop common team.
ROLE1358,Mid-Level Operations,HR,Part-Time,Seattle,0,4,"Sales, Java, Data Analysis, Marketing, Excel",4,Mr treatment mean bill responsibility will tree view finish lot act organization account first data middle.
ROLE1359,Mid-Level IT,Customer Support,Part-Time,Chicago,0,1,"Excel, Sales",9,Campaign help court collection authority trouble job pretty road.
ROLE1360,Lead HR,Operations,Part-Time,Remote,7,12,"Data Analysis, Java",3,Many staff power trouble difficult behavior once serious fight improve.
ROLE1361,Mid-Level Customer Support,Marketing,Full-Time,New York,0,2,"Excel, Sales, Marketing",1,Least health law former process nature son tree few firm box environmental inside leader stock happy buy analysis better notice.
ROLE1362,Director Operations,HR,Full-Time,New York,7,9,"Java, Python, Marketing, Excel",2,Customer pass agency another professional pick although still hold later.
ROLE1363,Senior Engineering,Marketing,Internship,New York,1,2,"Marketing, Project Management, Excel, Data Analysis, Communication",7,Computer traditional nice appear entire change provide ground town fall evidence wind nice than finally manager.
ROLE1364,Mid-Level Finance,Customer Support,Full-Time,San Francisco,1,5,"Project Management, Marketing, Java, Excel, Data Analysis",9,Quite drug book operation friend dark management behind yet west join individual best explain marriage call man.
ROLE1365,Intern Marketing,Customer Support,Internship,Seattle,6,10,"Sales, Excel, Project Management",3,Later stay anything any develop arrive his manage clearly seem law anyone rest challenge once low join blue finish order.
ROLE1366,Junior Engineering,Operations,Contract,New York,1,6,"Java, Python, Excel, Project Management",8,Think speech degree over avoid remain sound serve represent act work interview.
ROLE1367,Lead IT,Finance,Part-Time,Chicago,1,6,"Communication, Java, Marketing, Project Management, Data Analysis",7,But beat choose call record quite do cell exactly.
ROLE1368,Director Sales,Sales,Contract,New York,3,6,"Communication, Data Analysis",10,Film able each check walk minute authority gas realize training indeed pay instead again tree.
ROLE1369,Lead Operations,Engineering,Internship,Chicago,6,10,"Communication, Excel, Marketing",2,Natural fact indeed partner task it imagine yet available edge be although.
ROLE1370,Intern Engineering,Sales,Internship,San Francisco,2,7,"Data Analysis, Project Management, Excel",10,Leg hit where letter former member check letter yeah thousand nearly sea way.
ROLE1371,Senior Operations,Sales,Internship,Chicago,5,10,"Sales, Project Management, Communication, Python",1,Action majority tonight care after letter other laugh animal official Democrat.
ROLE1372,Mid-Level Sales,Marketing,Internship,Austin,1,6,"Communication, Excel, Sales, Project Management",1,But bit loss poor yeah sport sure officer several by talk admit senior seem book subject page.
ROLE1373,Manager Engineering,Engineering,Full-Time,Remote,0,5,"Excel, Python",10,Director both company always seek serious always establish where produce clear consumer middle wide other model discover.
ROLE1374,Lead Customer Support,Marketing,Part-Time,Boston,4,9,"Communication, Sales, Excel, Java, Marketing",7,Especially mention modern political same million change day cultural almost notice beautiful after entire life early fight center really.
ROLE1375,Intern Customer Support,Sales,Internship,Chicago,6,7,"Python, Excel, Communication, Marketing",9,Coach thank thousand onto enjoy answer determine watch result pretty far may station building service.
ROLE1376,Junior Customer Support,Sales,Internship,Austin,8,11,"Excel, Marketing, Data Analysis, Python, Sales",1,Parent with president show foreign those loss few forget project production time.
ROLE1377,Senior IT,Operations,Part-Time,Chicago,4,9,"Project Management, Python, Java, Communication, Excel",9,Almost myself cover everything list political age into all these health involve party bar the.
ROLE1378,Junior IT,HR,Full-Time,San Francisco,9,11,"Sales, Marketing, Project Management, Python",8,Person bring century involve reflect eat foot material physical traditional almost may player.
ROLE1379,Junior Customer Support,Engineering,Part-Time,Boston,4,8,"Project Management, Marketing, Python, Communication, Java",2,Available town behind play last great marriage because whom very.
ROLE1380,Manager Marketing,Operations,Full-Time,Boston,3,4,"Communication, Java, Python",7,Of nation heavy trouble every think be consumer positive more tell cost dinner simple model.
ROLE1381,Manager Sales,Operations,Contract,Austin,1,5,"Marketing, Java",8,Improve whatever cause guess professor what purpose let hear analysis million approach among believe stage.
ROLE1382,Manager HR,Engineering,Full-Time,Austin,2,7,"Communication, Python",9,Our laugh Republican reveal tonight could general soldier finally all soldier allow include process result it.
ROLE1383,Manager Sales,Sales,Part-Time,Boston,1,4,"Project Management, Sales, Marketing, Excel, Java",2,Southern skill left help wait behind true build happen close here.
ROLE1384,Junior Engineering,HR,Contract,San Francisco,2,6,"Marketing, Communication",2,Year improve tonight knowledge eat opportunity carry different charge pressure today both similar.
ROLE1385,Intern Finance,IT,Internship,Boston,5,10,"Excel, Java",9,Late purpose other sound third focus or her environment response pay.
ROLE1386,Junior Sales,Sales,Contract,Seattle,4,9,"Communication, Excel, Java, Project Management, Marketing",2,Economic forward be consider scene media already very money people interview bring than society family.
ROLE1387,Mid-Level Customer Support,Engineering,Full-Time,Remote,10,15,"Project Management, Sales, Excel",10,Have around four line value common show help health involve nation leg own hard situation hair child not.
ROLE1388,Lead Sales,Engineering,Contract,Boston,6,11,"Data Analysis, Marketing, Python, Sales",7,Mention open fear kind writer travel spring special must decision theory material discussion level.
ROLE1389,Senior Finance,Marketing,Internship,New York,4,6,"Sales, Data Analysis, Python, Java, Communication",1,Police skin note town five them tend though describe his PM character military.
ROLE1390,Director HR,Finance,Internship,Seattle,5,8,"Python, Communication",3,Response group still between dark responsibility thing skin life million cell film everything something south subject economic.
ROLE1391,Manager HR,Marketing,Internship,Chicago,2,4,"Communication, Python",6,Remain player need meeting to skin travel tell listen picture design other since force beat.
ROLE1392,Lead Marketing,Customer Support,Internship,Chicago,6,9,"Communication, Sales, Data Analysis, Excel",8,Region laugh clear serve by near find tell phone degree weight.
ROLE1393,Junior Finance,Sales,Internship,Austin,5,9,"Communication, Java",3,Measure black follow professor student special analysis determine strategy Mr girl could his ball series.
ROLE1394,Senior Sales,Operations,Full-Time,Boston,2,7,"Marketing, Data Analysis, Project Management, Sales, Communication",9,Born follow from itself speak mind seem television wall perhaps worry hot discuss join name activity factor three move.
ROLE1395,Junior Sales,Finance,Full-Time,San Francisco,6,7,"Project Management, Data Analysis, Sales, Communication, Java",4,City public southern field southern order idea head ball talk appear front fish time beat take run about care alone.
ROLE1396,Lead Customer Support,Sales,Internship,Austin,8,10,"Sales, Communication, Python, Java, Data Analysis",5,Decide practice great office make push from development sign majority team south.
ROLE1397,Junior Operations,Finance,Part-Time,Boston,4,6,"Marketing, Python, Project Management, Sales",6,Say born movie billion us attention least treatment two citizen family whom ability loss film center.
ROLE1398,Senior Customer Support,Engineering,Part-Time,New York,10,14,"Communication, Java, Sales",3,Improve under choice raise response his government certainly so large room cold key.
ROLE1399,Intern Finance,Engineering,Full-Time,Austin,2,6,"Data Analysis, Python",3,Early one any themselves early image sound free indicate represent view place.
ROLE1400,Intern Customer Support,Sales,Internship,Austin,9,10,"Excel, Sales, Project Management",9,Issue Congress little poor apply give happy student think field interview subject stay white forward amount cup new.
ROLE1401,Director Engineering,HR,Contract,Austin,10,12,"Project Management, Java, Excel, Marketing",5,Conference trip line coach experience arm security as worker whom month professional above certain must.
ROLE1402,Director Marketing,IT,Full-Time,San Francisco,9,11,"Data Analysis, Communication",1,Collection tree wide her position week establish think call say.
ROLE1403,Intern HR,Sales,Contract,Seattle,10,12,"Communication, Project Management, Java, Excel",10,Sing claim impact clearly agreement paper ok church water option marriage opportunity.
ROLE1404,Intern Operations,Engineering,Full-Time,San Francisco,2,4,"Java, Communication, Python, Excel, Data Analysis",8,Contain soldier agreement product ever question concern play off employee interest fear practice raise glass.
ROLE1405,Lead Customer Support,Marketing,Full-Time,Remote,10,11,"Java, Marketing, Data Analysis, Python",7,See high here hand act performance detail lot deal structure other term child wall door soldier between enough source argue.
ROLE1406,Director HR,IT,Full-Time,Seattle,5,8,"Excel, Communication, Marketing, Project Management, Data Analysis",6,Source space spend president theory style now fill difficult general positive.
ROLE1407,Manager Customer Support,Marketing,Internship,Remote,9,12,"Data Analysis, Excel, Project Management",7,Hundred them defense ball site reason ready trouble she senior white after fund.
ROLE1408,Intern IT,IT,Full-Time,Remote,5,10,"Java, Communication, Python",8,Chance record body admit hold notice job act test interview result whole level spring direction here event PM.
ROLE1409,Intern Operations,Finance,Internship,New York,1,2,"Sales, Communication, Java, Data Analysis, Excel",3,Court anyone my house international four year policy world direction.
ROLE1410,Director HR,Marketing,Contract,Boston,1,5,"Excel, Python, Data Analysis, Project Management",4,Kind last fly form knowledge say several position doctor health speak black daughter at physical physical because involve.
ROLE1411,Director Operations,Customer Support,Part-Time,San Francisco,5,8,"Project Management, Data Analysis",4,Family push who series those us old walk office other half television and east rich budget until national.
ROLE1412,Director Sales,Marketing,Full-Time,New York,10,14,"Data Analysis, Python, Excel, Communication, Sales",9,First difference success new century once can stand race large from fill develop ago activity.
ROLE1413,Mid-Level HR,HR,Part-Time,San Francisco,8,13,"Data Analysis, Python, Java, Communication, Sales",2,Reduce show affect stock five score must anything yes wide American cost religious play local effect again power.
ROLE1414,Manager Marketing,Finance,Full-Time,Austin,8,9,"Data Analysis, Sales, Communication",6,Trip everything young type own which material news interview often.
ROLE1415,Lead IT,Marketing,Part-Time,New York,3,8,"Java, Data Analysis",5,Church must anyone set those realize science although ten than drop decision two start civil bit cell mean single little.
ROLE1416,Director Marketing,Sales,Full-Time,San Francisco,7,10,"Sales, Communication",1,Bill surface factor there grow training oil development concern risk defense scene avoid pass dream well paper source.
ROLE1417,Intern Operations,IT,Part-Time,New York,1,3,"Marketing, Excel, Python, Communication",10,Hear likely bring set garden over wait school unit trial mention understand must worry heart area pass class.
ROLE1418,Junior Marketing,Operations,Internship,Boston,0,1,"Sales, Communication",4,War clear how serve him bag party respond these religious develop social.
ROLE1419,Senior IT,Finance,Contract,Seattle,2,3,"Excel, Project Management, Sales, Python, Marketing",3,Standard market manage would ground best official to hospital pressure could former prepare suggest.
ROLE1420,Manager Sales,Operations,Part-Time,Remote,6,8,"Sales, Java, Communication",8,Station quickly theory home man take cost then international necessary major attention detail rock huge how product my.
ROLE1421,Director Marketing,Marketing,Contract,Austin,6,9,"Project Management, Marketing",8,Fish news economy pay affect a conference issue activity usually teacher full.
ROLE1422,Manager Operations,Customer Support,Contract,San Francisco,5,6,"Sales, Project Management",2,Especially individual manage property boy care quite huge interesting plan ok cell what that develop.
ROLE1423,Intern Customer Support,Finance,Full-Time,Chicago,9,11,"Python, Java, Sales, Communication, Project Management",4,Trade theory glass many central child probably impact themselves finish author eat but subject find pretty employee.
ROLE1424,Mid-Level Customer Support,Finance,Internship,Austin,3,6,"Communication, Python",3,Avoid list receive meet herself Mr chair cover investment team work form indeed exactly month.
ROLE1425,Junior Customer Support,Sales,Full-Time,Chicago,10,14,"Communication, Java, Python",9,Kid medical live thank why floor court cold too ask meeting maybe.
ROLE1426,Junior Sales,Engineering,Full-Time,Chicago,8,13,"Excel, Sales, Marketing, Communication, Java",2,Investment board well official animal economy time fear born by action back campaign.
ROLE1427,Director Operations,Sales,Contract,New York,3,4,"Java, Python, Project Management, Data Analysis",2,Treatment now government individual paper themselves nature scene whose save.
ROLE1428,Director Customer Support,Sales,Part-Time,Seattle,8,11,"Excel, Project Management, Python",6,Perform old lead avoid ten involve include describe message size size arrive carry share goal could government.
ROLE1429,Senior HR,Marketing,Part-Time,Austin,1,4,"Project Management, Python, Marketing, Java, Communication",9,Week turn baby situation marriage great back ask like couple tough fall.
ROLE1430,Junior Finance,HR,Full-Time,San Francisco,3,4,"Excel, Java, Data Analysis",10,Enjoy in picture least remember public quite mouth sport rate follow performance state window center produce soldier affect your wide.
ROLE1431,Mid-Level HR,IT,Contract,New York,7,12,"Excel, Java, Python, Data Analysis, Sales",3,Stay treat kitchen camera night above voice information join he miss discover five.
ROLE1432,Junior IT,Operations,Part-Time,Chicago,7,9,"Excel, Project Management, Python, Java",3,Personal control even more meet simple music lawyer game center have water out.
ROLE1433,Intern Engineering,Operations,Internship,Chicago,1,4,"Python, Excel, Sales, Project Management, Java",8,Total police camera until safe up arrive large a plant final support here line few chance water.
ROLE1434,Director Operations,Engineering,Full-Time,Chicago,4,5,"Project Management, Python, Communication",4,Against soldier family allow fact spend his will quality.
ROLE1435,Intern IT,Sales,Full-Time,Remote,10,15,"Communication, Java, Sales, Marketing",5,House weight professional owner minute indeed program civil along half everyone rather opportunity he contain two way above.
ROLE1436,Director Operations,Operations,Full-Time,Boston,1,6,"Excel, Communication, Data Analysis, Marketing, Java",1,Standard management apply choice his simple style night need space could agree game age late product capital.
ROLE1437,Lead Engineering,Finance,Full-Time,Seattle,10,14,"Communication, Marketing, Data Analysis, Python",7,Work close kind rise while left standard address like beautiful other weight nature hot window baby.
ROLE1438,Intern HR,Sales,Part-Time,Chicago,6,7,"Project Management, Excel, Communication, Marketing, Data Analysis",7,Reason member ready strategy save else PM network star career population third doctor how black hotel.
ROLE1439,Director IT,Marketing,Part-Time,Boston,5,7,"Marketing, Communication, Sales, Data Analysis, Project Management",10,South young try able member officer three voice there can walk option expect positive crime rest.
ROLE1440,Mid-Level Finance,Engineering,Internship,Austin,2,7,"Excel, Data Analysis",3,Consumer relate section style shoulder art prevent wide drug.
ROLE1441,Mid-Level Marketing,Engineering,Full-Time,New York,0,2,"Sales, Marketing, Python",10,Occur himself little pull task along once but seek short move large bag opportunity order light much than audience program.
ROLE1442,Intern Marketing,Customer Support,Full-Time,Austin,0,2,"Marketing, Data Analysis",7,Return decision learn gun natural common population able party cold alone right cultural loss.
ROLE1443,Intern Customer Support,IT,Internship,Austin,2,7,"Java, Excel, Project Management, Data Analysis, Python",1,His program security mind ability professional coach writer color read order present either four road force project lawyer leader goal.
ROLE1444,Junior Customer Support,Finance,Internship,Remote,0,3,"Marketing, Excel, Data Analysis",3,Claim generation partner other feel generation suggest buy own generation house quickly shoulder film country necessary company life night minute.
ROLE1445,Junior Customer Support,Engineering,Contract,Boston,4,6,"Marketing, Project Management, Communication, Python",8,Bed start reveal indeed learn health defense economic sea my management organization opportunity eat lot particular foreign story team.
ROLE1446,Intern Marketing,HR,Full-Time,Chicago,0,3,"Data Analysis, Communication, Java",2,Election item enjoy ok hit tree bring occur challenge away ball contain cultural part serious increase grow.
ROLE1447,Senior Engineering,Operations,Contract,Seattle,7,8,"Sales, Python, Data Analysis, Excel",2,Writer message far raise character mind school concern teach lay power most activity space discover.
ROLE1448,Lead Finance,IT,Part-Time,Austin,3,5,"Communication, Project Management, Sales, Data Analysis, Python",4,Skill picture blood source east college risk chair along fast major control head measure.
ROLE1449,Manager Engineering,Engineering,Part-Time,New York,7,8,"Excel, Marketing, Java",10,It product foreign nature attorney day job head same run network.
ROLE1450,Mid-Level Finance,Customer Support,Full-Time,Seattle,0,1,"Project Management, Python, Sales, Communication",4,Deal reality none old line benefit she four build we language community.
ROLE1451,Senior IT,Operations,Part-Time,Remote,2,7,"Project Management, Marketing",10,Training onto hard chance husband believe senior responsibility former character bring upon seat rest member situation business raise foot investment.
ROLE1452,Intern Engineering,Customer Support,Full-Time,Remote,0,3,"Data Analysis, Marketing",7,Indicate up machine probably use player be phone computer entire let middle share different body level.
ROLE1453,Lead Finance,HR,Part-Time,Austin,6,9,"Python, Excel",8,They look conference stuff again standard movie change page man PM moment pressure herself never special both writer.
ROLE1454,Director Customer Support,Marketing,Contract,Boston,7,11,"Marketing, Java",5,Alone east them former design reveal industry writer outside.
ROLE1455,Manager HR,Customer Support,Internship,San Francisco,3,4,"Java, Python, Excel, Communication",9,Attack phone tonight civil world blue thing other standard line prove.
ROLE1456,Intern Operations,Operations,Contract,San Francisco,5,9,"Project Management, Data Analysis, Sales, Communication",4,Side risk southern watch rather say lay your from bar officer book magazine business occur.
ROLE1457,Intern HR,Operations,Contract,Chicago,6,10,"Python, Data Analysis",9,Similar yes reality weight usually bit perhaps edge according among tell light report.
ROLE1458,Junior Engineering,Finance,Contract,Boston,5,9,"Project Management, Python, Marketing, Sales, Communication",10,Eye meet support later green single nature media yourself themselves tree agent future type laugh rather shake common candidate then.
ROLE1459,Director HR,Engineering,Part-Time,Boston,0,4,"Project Management, Java",9,Contain week if bed evening certainly pressure politics he professional style without tough environment of sea determine develop.
ROLE1460,Senior HR,Customer Support,Contract,Boston,8,11,"Java, Project Management",2,Century before rule mission story Congress agent rather everyone.
ROLE1461,Mid-Level Finance,Engineering,Part-Time,Boston,7,11,"Python, Data Analysis, Communication, Sales",9,Democratic show police certain even here health fine each establish.
ROLE1462,Director Operations,HR,Part-Time,New York,4,6,"Data Analysis, Project Management",1,Simply light role exactly unit enter blue model hold sit.
ROLE1463,Lead Sales,Finance,Full-Time,Chicago,7,11,"Python, Excel, Data Analysis",7,Exist yet second culture hundred compare wait student our station work score conference executive.
ROLE1464,Junior Customer Support,Operations,Part-Time,Remote,1,5,"Marketing, Excel, Java, Communication, Sales",1,More protect institution someone itself general treat tree many discover guess management fear region play them car it without country.
ROLE1465,Director Sales,Finance,Contract,Remote,2,4,"Python, Excel",7,Movement method step director happy financial summer couple note college become almost goal enter.
ROLE1466,Mid-Level Sales,Operations,Internship,Boston,7,10,"Sales, Project Management, Marketing, Java",8,Year yet decision similar room agency author no mind.
ROLE1467,Senior Marketing,Marketing,Full-Time,Chicago,8,9,"Excel, Project Management, Java",8,Which than else grow choice anything many choice plant.
ROLE1468,Senior IT,Sales,Contract,Chicago,4,6,"Communication, Python, Project Management",9,Democrat attack position expert shake weight question southern trouble area stock network take maintain and.
ROLE1469,Director Marketing,Finance,Contract,Boston,3,4,"Communication, Project Management, Sales, Java",7,Three type yes grow movie stage fire minute able hit watch then reality evidence.
ROLE1470,Intern Sales,Operations,Contract,Boston,5,10,"Excel, Python, Project Management",5,Support majority head call threat both maintain value simple pattern south by pay million me rule relate.
ROLE1471,Mid-Level Engineering,Marketing,Internship,San Francisco,4,9,"Data Analysis, Python, Communication",9,Rule suffer second rich allow church no miss because cell near age discussion me every.
ROLE1472,Director Sales,IT,Full-Time,New York,8,11,"Project Management, Python, Excel, Sales, Data Analysis",5,Table along idea director fight into before meet actually evening offer.
ROLE1473,Director IT,Operations,Internship,San Francisco,1,5,"Data Analysis, Java, Excel, Project Management, Sales",6,According camera you or century learn through require better among group huge account break enter.
ROLE1474,Lead Engineering,HR,Internship,Boston,3,7,"Excel, Project Management",1,Different option raise run when through perform that cut partner she leader still carry change.
ROLE1475,Manager IT,HR,Full-Time,Austin,3,8,"Python, Project Management, Data Analysis, Communication, Java",4,Majority job decade three later expect cost security each such test eye industry meet.
ROLE1476,Senior HR,Sales,Internship,Chicago,0,2,"Communication, Marketing, Project Management, Python",5,Those dog moment human popular serve size hold teach power sure else pattern page rock plan after voice rich TV.
ROLE1477,Intern Operations,Marketing,Full-Time,San Francisco,2,7,"Java, Python",9,Her thus PM management beyond different form executive such already magazine baby tell agent argue fish appear simple property.
ROLE1478,Lead Customer Support,Finance,Part-Time,San Francisco,8,9,"Project Management, Marketing, Sales, Java, Data Analysis",2,Us put every already hand within during none over.
ROLE1479,Lead IT,IT,Internship,San Francisco,5,6,"Data Analysis, Project Management, Excel, Communication",10,Stop government official hear under might daughter sister despite candidate notice message although check need many wall.
ROLE1480,Director Sales,IT,Part-Time,Austin,4,7,"Java, Project Management, Sales, Marketing",1,Policy wife treat improve economy research nothing structure while charge character.
ROLE1481,Lead Engineering,Sales,Full-Time,Seattle,8,10,"Communication, Java, Python, Excel, Sales",5,Move read tax yard result wrong effort order term fine share size economy lose while author system.
ROLE1482,Intern Sales,HR,Full-Time,Seattle,1,4,"Marketing, Data Analysis, Sales, Project Management",2,However recently tough prove line service along reason so artist buy sing value job loss star lay seem health.
ROLE1483,Senior HR,Sales,Full-Time,Chicago,1,5,"Communication, Data Analysis, Marketing, Project Management, Sales",6,Right if history whatever sure heart administration turn read learn center.
ROLE1484,Senior Engineering,HR,Part-Time,Seattle,5,6,"Data Analysis, Python, Project Management",5,Fall door church particularly senior model happen analysis source ever likely huge test so rate debate.
ROLE1485,Junior Operations,Marketing,Part-Time,Remote,8,9,"Python, Java, Communication, Project Management, Excel",9,Themselves second run wait amount lot air bag matter call not everybody.
ROLE1486,Manager Finance,Operations,Contract,Seattle,4,9,"Sales, Data Analysis, Python",2,Blue suddenly large TV story kid require threat assume perhaps common sound night agree significant follow opportunity.
ROLE1487,Junior Operations,Finance,Contract,Austin,0,5,"Marketing, Python, Project Management",1,Surface financial current order rate everything building argue raise outside black respond space first consider language particular also sound.
ROLE1488,Director Finance,Sales,Part-Time,Austin,7,8,"Data Analysis, Java, Project Management, Marketing, Excel",6,Activity could I early game color capital half family those shoulder issue.
ROLE1489,Mid-Level HR,Sales,Full-Time,Boston,5,10,"Java, Sales",5,Would movie nation process hear clear evidence example leg.
ROLE1490,Manager IT,Finance,Part-Time,Boston,5,10,"Excel, Java, Sales, Python",5,She result run provide letter shake north allow somebody sound yard.
ROLE1491,Intern IT,Customer Support,Contract,Austin,5,8,"Project Management, Data Analysis, Communication, Sales",4,Kitchen today share memory finally but event human expert tend enjoy admit his.
ROLE1492,Junior IT,Marketing,Contract,San Francisco,10,12,"Java, Project Management",2,Cup north although total they easy option bar happy push church resource direction successful before nothing.
ROLE1493,Lead Operations,Engineering,Contract,San Francisco,5,10,"Excel, Communication, Project Management, Sales, Data Analysis",3,Ask firm now whole lay information century person question matter seven health water history store appear should just.
ROLE1494,Junior Operations,IT,Part-Time,Boston,6,11,"Communication, Project Management, Excel, Python",4,Head hold push big crime old brother student send small most receive under official open best interest employee identify business.
ROLE1495,Director Sales,HR,Part-Time,Boston,1,3,"Python, Sales",9,Provide call until cause son arm near true accept collection rock.
ROLE1496,Intern Marketing,Operations,Contract,Boston,8,13,"Excel, Python, Sales, Project Management",5,Student natural father hour wait purpose almost point true vote race table continue lay policy beat painting cultural trial.
ROLE1497,Director Engineering,Operations,Internship,San Francisco,9,13,"Project Management, Python, Communication, Excel, Data Analysis",1,Son prevent career bag inside throw history describe explain catch major finally sport company whose state play decade.
ROLE1498,Lead Marketing,Engineering,Full-Time,New York,9,12,"Java, Data Analysis, Communication",2,Trip surface most attorney professor strategy thank week discover size specific ever.
ROLE1499,Junior Operations,Finance,Part-Time,Austin,5,9,"Java, Sales, Project Management, Python",9,Police fact dream though make continue fine hold same blood likely argue should civil.
